,group_name,subgroup_name,project_name,annotator_name,pmcid,umls,diagnosis,count,male count,age mean,female count,age minimum,age maximum,age median
120,patients,rpc,participant_demographics,Jerome_Dockes,4522562,C4049190, thermo-coagulation lesions in the right parahippocampal cortex,5,,,,,,
397,patients,22q11.2DS,participant_demographics,Jerome_Dockes,3701149,C2936346,22q11.2 Deletion Syndrome ,13,9,16.14,4,,,
176,patients,_,participant_demographics,Jerome_Dockes,7275020,C3508472,acute mild traumatic brain injury,53,,,,,,
141,patients,_,participant_demographics,Jerome_Dockes,7539836,C3508472,acute mild traumatic brain injury,50,,,,,,
476,patients,_,participant_demographics,ju-chi_yu,11024046,C0002395,AD,16,,,,,,
188,patients,_,participant_demographics,Jerome_Dockes,6347794,C1263846,ADHD,38,18,,20,,,
256,patients,_,participant_demographics,Jerome_Dockes,5413198,C0001973,Alcohol dependence,34,34,,,,,
379,patients,AD,participant_demographics,Jerome_Dockes,3423412,C0002395,Alzheimer disease,14,,,,,,
109,patients,amci,participant_demographics,Jerome_Dockes,7838677,C5394908,amnestic mild cognitive impairment,11,4,,7,65,81,
67,patients,_,participant_demographics,Jerome_Dockes,3447931,C0002736,amyotrophic lateral sclerosis,20,,,,,,
414,patients,_,participant_demographics,Jerome_Dockes,3913832,C0003125,anorexia nervosa,31,,,31,,,
17,patients,_,participant_demographics,Jerome_Dockes,4530666,C0003125,anorexia nervosa,23,,,23,,,
79,patients,ais,participant_demographics,Jerome_Dockes,8785614,C5680049,arterial ischemic stroke,26,,,,,,
356,patients,_,participant_demographics,Jerome_Dockes,5552726,C3494609,Asymptomatic Carotid Stenosis,16,,,,,,
198,patients,_,participant_demographics,Jerome_Dockes,4190683,C1263846,Attention Deficit Hyperactivity Disorder,30,,,,10,17,
390,patients,adhd,participant_demographics,Jerome_Dockes,4936600,C1263846,attention-deficit hyperactivity disorder,19,,,,,,
186,patients,_,participant_demographics,Jerome_Dockes,8782893,C1263846,attention/deficit hyperactivity disorder,88,,,,,,
396,patients,ah,participant_demographics,Jerome_Dockes,3701149,C0233762,auditory hallucination,12,5,15.97,7,,,
184,patients,_,participant_demographics,Jerome_Dockes,3842522,C1510586,autism,42,,,,8,36,
163,patients,_,participant_demographics,Jerome_Dockes,4265725,C1510586,Autism spectrum conditions,18,,30.4,,,,
213,patients,_,participant_demographics,Jerome_Dockes,2648877,C1510586,Autism Spectrum Disorder,15,12,38,3,,,
227,patients,_,participant_demographics,Jerome_Dockes,5279905,C1510586,autism spectrum disorder,16,16,,,8,18,
366,patients,_,participant_demographics,Jerome_Dockes,5870086,C1510586,autism spectrum disorder,28,,,,10,17,
285,patients,_,participant_demographics,Jerome_Dockes,7194032,C1510586,Autism spectrum disorder,26,,,,8,18,
328,patients,dataset 2,participant_demographics,Jerome_Dockes,7721229,C1510586,autism spectrum disorder,255,224,17.05,31,7,55.4,
178,patients,_,participant_demographics,Jerome_Dockes,8213933,C1510586,autism spectrum disorder,28,20,14.58,8,,,
427,patients,autism spectrum disorder,participant_demographics,Jerome_Dockes,8883821,C1510586,autism spectrum disorder,20,16,,4,19,43,
273,patients,abide 1,participant_demographics,Jerome_Dockes,9407088,C1510586,autism spectrum disorder,539,,,,,,
274,patients,abide 2,participant_demographics,Jerome_Dockes,9407088,C1510586,autism spectrum disorder,521,,,,,,
114,patients,_,participant_demographics,Jerome_Dockes,3791281,C0556346,"Binge drinking
",12,7,,5,19,32,
106,patients,bdd,participant_demographics,Jerome_Dockes,6246657,C0005586 ,bipolar disorder,21,,,,,,
215,patients,_,participant_demographics,Jerome_Dockes,6908505,C0005586 ,bipolar disorder,70,,37,,18,65,
473,patients,_,participant_demographics,ju-chi_yu,10870473,C0006012,BPD,30,,,,,,
306,patients,_,participant_demographics,Jerome_Dockes,5394595,,bronchial asthma without acute attacks,42,,,,,,
372,patients,_,participant_demographics,Jerome_Dockes,4048172,C0740418,Chronic Back Pain,13,4,51.8,9,43,65,
405,patients,_,participant_demographics,Jerome_Dockes,7416060,C4518790,Chronic cannabis users,54,,,,,,
87,patients,_,participant_demographics,Jerome_Dockes,5460048,C5687959,chronic dieters,75,,19.38,75,18,23,
64,patients,_,participant_demographics,Jerome_Dockes,4473263,C0586325,chronic left-hemisphere stroke,32,27,62,5,,,
116,patients,chronic lumbar back-pain,participant_demographics,Jerome_Dockes,4522562,C0457949,chronic lumbar back-pain,8,,,,,,
265,patients,_,participant_demographics,Jerome_Dockes,3742334,C4518790,chronic marijuana use,10,8,,2,,,
346,patients,_,participant_demographics,Jerome_Dockes,6585311,C2711916,chronic post-stroke hemiparesis,10,6,66.7,4,,,
410,patients,_,participant_demographics,Jerome_Dockes,6667657,C0040264,chronic tinnitus,12,,,,,,
169,patients,_,participant_demographics,Jerome_Dockes,8172304,C0263338,chronic urticaria,32,6,,26,25,65,
39,patients,_,participant_demographics,Jerome_Dockes,8459240,C4237066,cocaine use disorder ,55,27,,28,,,
5,patients,_,participant_demographics,Jerome_Dockes,6220927,C0236801,cockroach phobia,12,4,,8,,,
341,patients,_,participant_demographics,Jerome_Dockes,5371603,C0011053,deafness,14,3,25,11,18,33,
73,patients,_,participant_demographics,Jerome_Dockes,3984441,C0752347,dementia with Lewy bodies,16,,,,,,
399,patients,_,participant_demographics,Jerome_Dockes,6902076,C0752347,Dementia with Lewy bodies,17,13,71.88,4,60,82,
411,patients,_,participant_demographics,Jerome_Dockes,4589842,"C2362914, C1269683, C0006012",Depression,11,5,61,6,,,
389,patients,dcd,participant_demographics,Jerome_Dockes,4936600,C0011757,Developmental coordination disorder,6,,,,,,
391,patients,dcd+adhd,participant_demographics,Jerome_Dockes,4936600,"C0011757, C1263846",Developmental coordination disorder and attention-deficit hyperactivity disorder,14,,,,,,
134,patients,baseline,participant_demographics,Jerome_Dockes,5758587,C1395913,Developmental dyscalculia,14,,,,,,
135,patients,follow-up,participant_demographics,Jerome_Dockes,5758587,C1395913,Developmental dyscalculia,13,,,,,,
362,patients,eod,participant_demographics,Jerome_Dockes,5598991,C1269683,early adult onset depression,58,,,,,,
117,patients,epilepsy,participant_demographics,Jerome_Dockes,4522562,C0014544,epilepsy,10,,,,,,
384,patients,_,participant_demographics,Jerome_Dockes,4732188,C0270736,Essential tremor,21,12,51.6,9,,,
358,patients,_,participant_demographics,Jerome_Dockes,7493988,C0270736,essential tremor ,10,6,69.4,4,,,
309,patients,_,participant_demographics,Jerome_Dockes,6820536,C0016053,fibromyalgia,20,,46.4,20,22,70,
200,patients,_,participant_demographics,Jerome_Dockes,5339238,C0162316),former iron deficiency anemia,14,,,,,,
171,patients,_,participant_demographics,Jerome_Dockes,8978988,C1853926,GNE myopathy with congenital thrombocytopenia,1,1,,,,,
425,patients,_,participant_demographics,Jerome_Dockes,6509414,C3887873,hearing loss,26,,,,,,
240,patients,_,participant_demographics,Jerome_Dockes,8569140,C0278152,hemifacial spasm,30,12,48.87,18,,,
88,patients,_,participant_demographics,Jerome_Dockes,4990879,C0019337,heroin addiction,40,40,,,,,
24,patients,_,participant_demographics,Jerome_Dockes,5686883,C0026858,idiopathic musculoskeletal pain,10,1,16.3,9,,,
320,patients,_,participant_demographics,Jerome_Dockes,3045463,"C0030567, C0865475",idiopathic Parkinson's Disease,21,14,,7,,,
130,patients,_,participant_demographics,Jerome_Dockes,6675526,"C0030567, C0865475",Idiopathic Parkinson’s disease,50,29,57.7,21,,,
75,patients,_,participant_demographics,Jerome_Dockes,4174863,C0392751,incarcerated,157,,,157,,,
387,patients,_,participant_demographics,Jerome_Dockes,4030253,C5392078,Internet Addiction,18,,15.1,,,,
97,patients,_,participant_demographics,Jerome_Dockes,8939409,C5392078,internet addiction,24,14,20.58,10,,,
165,patients,_,participant_demographics,Jerome_Dockes,5665859,C0948008,ischemic stroke,72,,,,60,70,
161,patients,_,participant_demographics,Jerome_Dockes,6412974,C0270853,Juvenile myoclonic epilepsy,18,3,30.11,15,20,48,
343,patients,_,participant_demographics,Jerome_Dockes,4175730,C0409959,knee osteoarthritis,30,,,,,,
363,patients,lod,participant_demographics,Jerome_Dockes,5598991,C1269683,later adult onset depression,62,,,,,,
407,patients,_,participant_demographics,Jerome_Dockes,5903407,"C0751010, C0586325",left hemisphere infarcts,27,,59.1,,,,
294,patients,LMTLE,participant_demographics,Jerome_Dockes,8933759,C3266633,Left Mesial Temporal Lobe Epilepsy,12,,,,,,
382,patients,_,participant_demographics,Jerome_Dockes,7275001,C0242379,lung cancer,18,,,,48,70,
57,patients,_,participant_demographics,Jerome_Dockes,4869560,C1269683,major depressive disorder,29,,,,,,
123,patients,_,participant_demographics,Jerome_Dockes,4983635,C1269683,major depressive disorder,45,16,37,29,19,58,
105,patients,mdd,participant_demographics,Jerome_Dockes,6246657,C1269683,major depressive disorder,40,,,,,,
353,patients,_,participant_demographics,Jerome_Dockes,7118554,C1269683,major depressive disorder,43,13,,30,,,
299,patients,_,participant_demographics,Jerome_Dockes,7875881,C1269683,major depressive disorder,19,,,,18,55,
408,patients,_,participant_demographics,Jerome_Dockes,3510214,C1608983,mal de debarquement syndrome,20,,,,,,
85,patients,_,participant_demographics,Jerome_Dockes,4017227,C3266633,Mesial temporal lobe epilepsy,23,,,,,,
420,patients,_,participant_demographics,Jerome_Dockes,7836234,C3266633,mesial temporal lobe epilepsy,19,11,45.3,8,,,
110,patients,mad,participant_demographics,Jerome_Dockes,7838677,C0002395,mild Alzheimer's dementia,6,4,,2,65,81,
378,patients,MCI,participant_demographics,Jerome_Dockes,3423412,C1270972,mild cognitive impairment,8,,,,,,
30,patients,_,participant_demographics,Jerome_Dockes,7082218,"C0525045, C0003469",mood and/or anxiety disorder,223,61,36,162,,,
216,patients,_,participant_demographics,Jerome_Dockes,6004505,,Multi-Problem Young Adults,100,100,,,,,
348,patients,_,participant_demographics,Jerome_Dockes,7485713,C0393571 ,multiple system atrophy,24,,,,,,
468,patients,_,participant_demographics,ju-chi_yu,10958407,C2349426,NDPH,29,,,,,,
61,patients,_,participant_demographics,Jerome_Dockes,8544331,C5852774,neovascular age-related macular degeneration,18,9,,9,55,,
406,patients,_,participant_demographics,Jerome_Dockes,5537800,C0028754,obesity,16,,46.31,16,,,
147,patients,_,participant_demographics,Jerome_Dockes,3777673,C0028768,obsessive–compulsive disorder,19,,,,,,
69,patients,_,participant_demographics,Jerome_Dockes,9230060,C0699726,offenders,20,20,,,,,
211,patients,_,participant_demographics,Jerome_Dockes,6382839,C0030319,panic disorder,17,2,,15,,,
53,patients,_,participant_demographics,Jerome_Dockes,6854061,C0236800,panic disorder with agoraphobia,121,,,,,,
252,patients,_,participant_demographics,Jerome_Dockes,3182403,C0030567,Parkinson's disease,21,13,60.8,8,44,73,
311,patients,_,participant_demographics,Jerome_Dockes,4184784,C0030567,Parkinson's disease,37,17,,20,,,
95,patients,PD-A,participant_demographics,Jerome_Dockes,5655292,"C0030567, C0003469",Parkinson's disease with anxiety disorder,18,,,,,,
96,patients,PD-NA,participant_demographics,Jerome_Dockes,5655292,C0030567,Parkinson's disease without anxiety disorder,45,,,,,,
230,patients,_,participant_demographics,Jerome_Dockes,6389716,C0030567,Parkinson’s disease,42,,,,,,
318,patients,_,participant_demographics,Jerome_Dockes,6678781,C0524400,Pedophilic Child Sexual Offenders,61,61,,,,,
80,patients,pvi,participant_demographics,Jerome_Dockes,8785614,C1300444,periventricular venous infarction,26,,,,,,
229,patients,_,participant_demographics,Jerome_Dockes,2494616,C4048296,phantom limb pain,13,11,52.92,2,32,75,
398,patients,_,participant_demographics,Jerome_Dockes,9461104,C1261175,Pontocerebellar hypoplasia,6,,,,,,
151,patients,fd-pds-mdd,participant_demographics,Jerome_Dockes,7518235,"C0267167, C1269683",post-prandial distress subtype functional dyspepsia with major depressive disorder,24,,,24,,,
152,patients,fd-pds-no-mdd,participant_demographics,Jerome_Dockes,7518235,C0267167,post-prandial distress subtype functional dyspepsia without major depressive disorder,24,,,24,,,
93,patients,_,participant_demographics,Jerome_Dockes,5266856,C4750948,Poststroke Aphasia,39,,,,,,
279,patients,_,participant_demographics,Jerome_Dockes,5030332,C0038436,posttraumatic stress disorder,21,,,,,,
282,patients,_,participant_demographics,Jerome_Dockes,6024199,C0038436,posttraumatic stress disorder,21,6,21.5,15,18,31,
219,patients,_,participant_demographics,Jerome_Dockes,8785646,C0038436,posttraumatic stress disorder,14,,,,,,
26,patients,_,participant_demographics,Jerome_Dockes,6290711,C0948238,Psychogenic erectile dysfunction,26,26,26.8,,,,
118,patients,refractory epilepsy,participant_demographics,Jerome_Dockes,4522562,C1096063,refractory epilepsy,14,,,,,,
334,patients,_,participant_demographics,Jerome_Dockes,6200185,C0751967,relapsing-remitting multiple sclerosis,44,,,,,,
295,patients,RMTLE,participant_demographics,Jerome_Dockes,8933759,C3266633,Right Mesial Temporal Lobe Epilepsy,11,,,,,,
175,patients,_,participant_demographics,Jerome_Dockes,6878729,"C0007789, C0585630",right-sided cerebral palsy,8,3,,5,10,30,
209,patients,_,participant_demographics,Jerome_Dockes,5292583,C0036341,schizophrenia,33,,,,,,
242,patients,_,participant_demographics,Jerome_Dockes,6197719,C0036341,schizophrenia,44,,,,,,
44,patients,_,participant_demographics,Jerome_Dockes,6611425,C0036341,schizophrenia,151,114,37.8,37,,,
327,patients,dataset 1,participant_demographics,Jerome_Dockes,7721229,C0036341,schizophrenia,151,115,38.77,36,18,62,
36,patients,_,participant_demographics,Jerome_Dockes,7851842,C0036341,schizophrenia,17,,,,,,
290,patients,_,participant_demographics,Jerome_Dockes,8550949,C0036341,schizophrenia,31,26,26.64,5,,,
426,patients,schizophrenia,participant_demographics,Jerome_Dockes,8883821,C0036341,schizophrenia,28,20,,8,21,54,
314,patients,_,participant_demographics,Jerome_Dockes,9057100,C0036341,schizophrenia,151,114,37.8,37,,,
221,patients,_,participant_demographics,Jerome_Dockes,9435010,C0036341,schizophrenia,100,,,,,,
126,patients,severe childhood abuse,participant_demographics,Jerome_Dockes,5104469,C5828513,Severe Childhood Abuse,21,15,17.5,6,,,
267,patients,_,participant_demographics,Jerome_Dockes,4029608,C4237417,Social anxiety disorder,27,15,,12,,,
351,patients,_,participant_demographics,Jerome_Dockes,4416052,C4237417,social anxiety disorder,53,36,29.9,17,,,
368,patients,_,participant_demographics,Jerome_Dockes,8154462,C0740392,stroke,11,11,56.21,,45,68,
47,patients,_,participant_demographics,Jerome_Dockes,7090024,C0338656,subjective cognitive decline,35,,,,,,
89,patients,_,participant_demographics,Jerome_Dockes,6699415,C0017638,supratentorial gliomas,5,2,33.7,3,,,
139,patients,_,participant_demographics,Jerome_Dockes,5761874,C0014556,temporal lobe epilepsy,25,13,33.6,12,20,45,
9,patients,_,participant_demographics,Jerome_Dockes,8933317,C0014556,Temporal lobe epilepsy,66,,,,,,
121,patients,lh,participant_demographics,Jerome_Dockes,4522562,C4049190,thermo-coagulation lesions in the left hippocampus,3,,,,,,
122,patients,lph,participant_demographics,Jerome_Dockes,4522562,C4049190,thermo-coagulation lesions in the left parahippocampal cortex,1,,,,,,
119,patients,rh,participant_demographics,Jerome_Dockes,4522562,C4049190,thermo-coagulation lesions in the right hippocampus,5,,,,,,
233,patients,_,participant_demographics,Jerome_Dockes,3877773,C0040517,Tourette syndrome,17,,,,,,
180,patients,_,participant_demographics,Jerome_Dockes,5857897,C0040517,Tourette syndrome,5,3,27,2,,,
28,patients,_,participant_demographics,Jerome_Dockes,9308181,C0041341,tuberous sclerosis complex,173,,,,,,
258,patients,_,participant_demographics,Jerome_Dockes,7829678,C0011860,Type 2 diabetes mellitus,53,,,,,,
393,patients,_,participant_demographics,Jerome_Dockes,6457314,C0009324,ulcerative colitis,41,25,37.1,16,20,54,
235,patients,primary study,participant_demographics,Jerome_Dockes,5416685,C0041696,unipolar major depression,20,,,,18,65,
236,patients,validation study,participant_demographics,Jerome_Dockes,5416685,C0041696,unipolar major depression,19,,,,18,65,
101,patients,_,participant_demographics,Jerome_Dockes,6350268,C3805043 ,"vascular mild cognitive impairment
",31,,,,,,
401,patients,_,participant_demographics,Jerome_Dockes,4215530,C3897192,"Very preterm birth
",24,,,,,,
325,patients,_,participant_demographics,Jerome_Dockes,8315277,"C4293686, C2938912",White matter hyperintensities,104,,,,,,
77,healthy,_,participant_demographics,Jerome_Dockes,2144768,,,18,9,23.67,9,19,35,
308,healthy,_,participant_demographics,Jerome_Dockes,2151069,,,12,6,25.4,6,20,40,
49,healthy,_,participant_demographics,Jerome_Dockes,2390848,,,15,8,,7,,,
42,healthy,_,participant_demographics,Jerome_Dockes,2525845,,,24,12,,12,,,
11,healthy,rh,participant_demographics,Jerome_Dockes,2561002,,,19,7,24.7,12,19,30,
12,healthy,lh,participant_demographics,Jerome_Dockes,2561002,,,15,5,26.1,10,21,35,
214,healthy,_,participant_demographics,Jerome_Dockes,2648877,,,18,13,32,5,,,
269,healthy,_,participant_demographics,Jerome_Dockes,2748718,,,30,14,,16,,,
56,healthy,_,participant_demographics,Jerome_Dockes,2775905,,,18,,26.7,,18,60,22.5
82,healthy,_,participant_demographics,Jerome_Dockes,2935390,,,10,3,39.8,7,18,50,
370,healthy,_,participant_demographics,Jerome_Dockes,2993660,,,48,24,26.4,24,,,
143,healthy,experiment 1,participant_demographics,Jerome_Dockes,2995581,,,12,,,,,,
144,healthy,experiment 2,participant_demographics,Jerome_Dockes,2995581,,,18,,,,,,
7,healthy,phobic prone,participant_demographics,Jerome_Dockes,3002948,,,15,9,39.2,6,,,
8,healthy,eating disorders prone,participant_demographics,Jerome_Dockes,3002948,,,15,10,34.4,5,,,
321,healthy,_,participant_demographics,Jerome_Dockes,3045463,,,19,12,,7,,,
170,healthy,_,participant_demographics,Jerome_Dockes,3078751,,,14,6,24.8,8,22,29,
361,healthy,_,participant_demographics,Jerome_Dockes,3132672,,,11,5,31,6,25,38,
55,healthy,_,participant_demographics,Jerome_Dockes,3147157,,,20,12,24.4,8,,,
333,healthy,_,participant_demographics,Jerome_Dockes,3183226,,,16,9,,7,18,35,
195,healthy,_,participant_demographics,Jerome_Dockes,3258233,,,12,,31,,18,55,
150,healthy,_,participant_demographics,Jerome_Dockes,3324921,,,14,,,,,,
158,healthy,_,participant_demographics,Jerome_Dockes,3334814,,,103,52,32.5,51,,,
206,healthy,_,participant_demographics,Jerome_Dockes,3362560,,,24,12,,12,,,
302,healthy,_,participant_demographics,Jerome_Dockes,3407245,,,10,5,,5,22,43,
249,healthy,_,participant_demographics,Jerome_Dockes,3409150,,,18,18,25.11,,21,33,
416,healthy,study 1,participant_demographics,Jerome_Dockes,3422286,,,12,6,26,6,23,39,
417,healthy,study 2,participant_demographics,Jerome_Dockes,3422286,,,14,7,23,7,24,30,
380,healthy,_,participant_demographics,Jerome_Dockes,3423412,,,14,,,,,,
68,healthy,_,participant_demographics,Jerome_Dockes,3447931,,,20,,,,,,
264,healthy,_,participant_demographics,Jerome_Dockes,3483694,,,22,5,,17,23,41,
323,healthy,_,participant_demographics,Jerome_Dockes,3492343,,,58,26,24.02,32,,,
32,healthy,Würzburg,participant_demographics,Jerome_Dockes,3502502,,,24,12,26,12,23,34,
33,healthy,Oxford,participant_demographics,Jerome_Dockes,3502502,,,46,21,30,25,19,63,
409,healthy,_,participant_demographics,Jerome_Dockes,3510214,,,20,,,,,,
196,healthy,smokers,participant_demographics,Jerome_Dockes,3511796,,,45,,,,,,
197,healthy,non-smokers,participant_demographics,Jerome_Dockes,3511796,,,44,,,,,,
203,healthy,study 1,participant_demographics,Jerome_Dockes,3520927,,,1220,,,,,,
204,healthy,study 2,participant_demographics,Jerome_Dockes,3520927,,,40,,,,,,
319,healthy,_,participant_demographics,Jerome_Dockes,3539852,,,31,,,,18,22,
45,healthy,proficient,participant_demographics,Jerome_Dockes,3554651,,,11,3,28.73,8,19,46,
46,healthy,less-proficient,participant_demographics,Jerome_Dockes,3554651,,,10,3,30,7,19,45,
281,healthy,_,participant_demographics,Jerome_Dockes,3605341,,,32,,,,,,
303,healthy,young,participant_demographics,Jerome_Dockes,3660406,,,19,5,22.6,14,18,27,
304,healthy,old,participant_demographics,Jerome_Dockes,3660406,,,15,5,61.1,10,51,71,
297,healthy,_,participant_demographics,Jerome_Dockes,3672681,,,32,,,,,,
419,healthy,_,participant_demographics,Jerome_Dockes,3676955,,,33,17,25.3,16,,,
395,healthy,_,participant_demographics,Jerome_Dockes,3701149,,,22,16,16,6,,,
266,healthy,_,participant_demographics,Jerome_Dockes,3742334,,,18,11,,7,,,
263,healthy,_,participant_demographics,Jerome_Dockes,3775427,,,102,,21.5,,20,23,
148,healthy,_,participant_demographics,Jerome_Dockes,3777673,,,19,,,,,,
336,healthy,_,participant_demographics,Jerome_Dockes,3780305,,,17,8,7.4,9,6.9,7.8,
22,healthy,_,participant_demographics,Jerome_Dockes,3788350,,,12,,,,,,
115,healthy,_,participant_demographics,Jerome_Dockes,3791281,,,12,7,,5,19,32,
185,healthy,_,participant_demographics,Jerome_Dockes,3842522,,,48,,,,8,36,
355,healthy,_,participant_demographics,Jerome_Dockes,3866656,,,16,16,23.8,,20,30,
301,healthy,_,participant_demographics,Jerome_Dockes,3869649,,,19,10,22.8,9,19,31,
247,healthy,experiment 1,participant_demographics,Jerome_Dockes,3869681,,,18,10,26.3,8,21,41,
248,healthy,experiment 2,participant_demographics,Jerome_Dockes,3869681,,,18,9,26.6,9,21,38,
234,healthy,_,participant_demographics,Jerome_Dockes,3877773,,,15,,,,,,
360,healthy,_,participant_demographics,Jerome_Dockes,3889700,,,15,,25.6,,22,30,
20,healthy,happy,participant_demographics,Jerome_Dockes,3893192,,,26,,,,,,
21,healthy,unhappy,participant_demographics,Jerome_Dockes,3893192,,,25,,,,,,
52,healthy,_,participant_demographics,Jerome_Dockes,3894920,,,6,5,,1,22,35,
415,healthy,_,participant_demographics,Jerome_Dockes,3913832,,,31,,,31,,,
173,healthy,study 1,participant_demographics,Jerome_Dockes,3965851,,,24,,24,24,20,30,
174,healthy,study 2,participant_demographics,Jerome_Dockes,3965851,,,18,,24,18,20,30,
74,healthy,_,participant_demographics,Jerome_Dockes,3984441,,,17,,,,,,
376,healthy,adolescents,participant_demographics,Jerome_Dockes,3991323,,,220,115,14.61,105,14,15,
377,healthy,adults,participant_demographics,Jerome_Dockes,3991323,,,28,17,25.24,11,20,39,
86,healthy,_,participant_demographics,Jerome_Dockes,4017227,,,19,,,,,,
19,healthy,_,participant_demographics,Jerome_Dockes,4029023,,,10,7,27.72,3,,,
268,healthy,_,participant_demographics,Jerome_Dockes,4029608,,,27,14,,13,,,
386,healthy,_,participant_demographics,Jerome_Dockes,4030253,,,23,,15.2,,,,
145,healthy,dcg,participant_demographics,Jerome_Dockes,4034409,,,13,5,23.1,8,,,
146,healthy,tcg,participant_demographics,Jerome_Dockes,4034409,,,13,4,23.5,9,,,
373,healthy,_,participant_demographics,Jerome_Dockes,4048172,,,13,4,48.7,9,38,62,
270,healthy,_,participant_demographics,Jerome_Dockes,4072722,,,16,10,30.1,6,18,40,
66,healthy,_,participant_demographics,Jerome_Dockes,4075342,,,12,7,38,5,23,60,
63,healthy,_,participant_demographics,Jerome_Dockes,4115625,,,272,123,24.4547794117647,149,18,68,
76,healthy,_,participant_demographics,Jerome_Dockes,4174863,,,46,,,46,,,
312,healthy,_,participant_demographics,Jerome_Dockes,4184784,,,34,22,,12,,,
199,healthy,_,participant_demographics,Jerome_Dockes,4190683,,,30,,,,10,17,
402,healthy,_,participant_demographics,Jerome_Dockes,4215530,,,22,,,,,,
232,healthy,_,participant_demographics,Jerome_Dockes,4255751,,,18,18,23.9,,18,33,
164,healthy,_,participant_demographics,Jerome_Dockes,4265725,,,18,,28.6,,,,
317,healthy,_,participant_demographics,Jerome_Dockes,4274095,,,20,,5.8,,5.2,6.8,
71,healthy,pet,participant_demographics,Jerome_Dockes,4280551,,,10,,,,,,
72,healthy,fmri,participant_demographics,Jerome_Dockes,4280551,,,15,,,,,,
23,healthy,_,participant_demographics,Jerome_Dockes,4318429,,,18,9,,9,20,32,
287,healthy,_,participant_demographics,Jerome_Dockes,4319399,,,284,144,25,140,,,
190,healthy,_,participant_demographics,Jerome_Dockes,4330553,,,23,18,22,5,,,
129,healthy,_,participant_demographics,Jerome_Dockes,4332461,,,32,17,,15,25,27,
315,healthy,Experiment 1,participant_demographics,Jerome_Dockes,4349631,,,22,17,,5,19,41,
316,healthy,Experiment 2,participant_demographics,Jerome_Dockes,4349631,,,16,11,,5,20,59,
90,healthy,dataset 1,participant_demographics,Jerome_Dockes,4352055,,,20,,,,,,
91,healthy,dataset 2,participant_demographics,Jerome_Dockes,4352055,,,19,,,,,,
424,healthy,_,participant_demographics,Jerome_Dockes,4370584,,,40,20,20,20,18,23,
298,healthy,_,participant_demographics,Jerome_Dockes,4380440,,,33,33,,,,,
352,healthy,_,participant_demographics,Jerome_Dockes,4416052,,,33,19,29.4,14,,,
194,healthy,_,participant_demographics,Jerome_Dockes,4436102,,,23,11,24.2,12,18,31,
254,healthy,experiment 1,participant_demographics,Jerome_Dockes,4458841,,,15,,,,,,
255,healthy,experiment 2,participant_demographics,Jerome_Dockes,4458841,,,14,,,,,,
65,healthy,_,participant_demographics,Jerome_Dockes,4473263,,,18,8,63,10,,,
205,healthy,_,participant_demographics,Jerome_Dockes,4477935,,,20,12,24,8,,,
347,healthy,_,participant_demographics,Jerome_Dockes,4493392,,,18,10,25,8,22,29,
18,healthy,_,participant_demographics,Jerome_Dockes,4530666,,,24,,,24,,,
412,healthy,_,participant_demographics,Jerome_Dockes,4589842,,,11,5,56,6,,,
293,healthy,_,participant_demographics,Jerome_Dockes,4717328,,,20,16,,4,20,36,
385,healthy,_,participant_demographics,Jerome_Dockes,4732188,,,21,14,50.6,7,,,
103,healthy,_,participant_demographics,Jerome_Dockes,4810172,,,20,9,21.95,11,18,35,
277,healthy,_,participant_demographics,Jerome_Dockes,4838249,,,15,15,22.33,,,,
58,healthy,_,participant_demographics,Jerome_Dockes,4869560,,,29,15,26.76,14,,,
392,healthy,_,participant_demographics,Jerome_Dockes,4936600,,,21,,,,,,
29,healthy,_,participant_demographics,Jerome_Dockes,4975394,,,18,,21.04,18,,,
124,healthy,_,participant_demographics,Jerome_Dockes,4983635,,,19,8,33,11,20,52,
284,healthy,_,participant_demographics,Jerome_Dockes,5068584,,,56,,24.3,56,,,
127,patients,psychiatric controls,participant_demographics,Jerome_Dockes,5104469,,,19,9,16.9,10,,,
128,healthy,_,participant_demographics,Jerome_Dockes,5104469,,,27,21,17.5,6,,,
51,healthy,_,participant_demographics,Jerome_Dockes,5218407,,,17,7,25,10,19,30,
94,healthy,_,participant_demographics,Jerome_Dockes,5266856,,,37,,,,,,
83,healthy,_,participant_demographics,Jerome_Dockes,5270359,,,15,15,26,,,,
228,healthy,_,participant_demographics,Jerome_Dockes,5279905,,,16,,,,,,
210,healthy,_,participant_demographics,Jerome_Dockes,5292583,,,35,,,,,,
38,healthy,_,participant_demographics,Jerome_Dockes,5324609,,,15,7,23.8,8,,,
201,healthy,_,participant_demographics,Jerome_Dockes,5339238,,,17,,,,,,
342,healthy,_,participant_demographics,Jerome_Dockes,5371603,,,15,6,25,9,20,37,
140,healthy,_,participant_demographics,Jerome_Dockes,5390693,,,233,116,16.1,117,9.9,26.6,
307,healthy,_,participant_demographics,Jerome_Dockes,5394595,,,60,,,,,,
257,healthy,_,participant_demographics,Jerome_Dockes,5413198,,,26,26,,,,,
237,healthy,primary study,participant_demographics,Jerome_Dockes,5416685,,,19,,,,18,65,
238,healthy,validation study,participant_demographics,Jerome_Dockes,5416685,,,19,,,,18,65,
208,healthy,_,participant_demographics,Jerome_Dockes,5428836,,,32,13,23.97,19,,,
350,healthy,_,participant_demographics,Jerome_Dockes,5447679,,,33,,,,,,
172,healthy,_,participant_demographics,Jerome_Dockes,5460049,,,56,54,34.4,2,21,60,
251,healthy,_,participant_demographics,Jerome_Dockes,5548834,,,47,,19.62,47,,,
578,healthy,_,participant_demographics,maximiliane_jousse,5596109,,,6,4,,2,,,
364,healthy,young hc,participant_demographics,Jerome_Dockes,5598991,,,60,,,,,,
365,healthy,old hc,participant_demographics,Jerome_Dockes,5598991,,,52,,,,,,
166,healthy,_,participant_demographics,Jerome_Dockes,5665859,,,15,,,,60,70,
25,healthy,_,participant_demographics,Jerome_Dockes,5686883,,,10,1,16.1,9,,,
388,healthy,_,participant_demographics,Jerome_Dockes,5717028,,,40,24,68.4,16,,,
78,healthy,_,participant_demographics,Jerome_Dockes,5719057,,,8,5,,3,19,27,
136,healthy,baseline,participant_demographics,Jerome_Dockes,5758587,,,11,,,,,,
137,healthy,follow-up,participant_demographics,Jerome_Dockes,5758587,,,8,,,,,,
138,healthy,_,participant_demographics,Jerome_Dockes,5761874,,,23,15,31.1,8,19,44,
14,healthy,_,participant_demographics,Jerome_Dockes,5776089,,,21,21,25.77,,20,40,
207,healthy,_,participant_demographics,Jerome_Dockes,5832413,,,16,6,23.1,10,19,29,
50,healthy,_,participant_demographics,Jerome_Dockes,5881103,,,30,10,,20,18,25,
182,healthy,_,participant_demographics,Jerome_Dockes,5890144,,,31,,,,25,27,
260,healthy,experiment 1,participant_demographics,Jerome_Dockes,5902547,,,41,16,19,25,,,
261,healthy,experiment 2,participant_demographics,Jerome_Dockes,5902547,,,44,11,22,33,,,
262,healthy,study 2 experiment 1,participant_demographics,Jerome_Dockes,5902547,,,17,5,24,12,18,31,
217,healthy,_,participant_demographics,Jerome_Dockes,6004505,,,22,22,,,,,
156,healthy,experiment 1,participant_demographics,Jerome_Dockes,6016936,,,14,,,,,,
157,healthy,experiment 2,participant_demographics,Jerome_Dockes,6016936,,,10,,,,,,
283,healthy,_,participant_demographics,Jerome_Dockes,6024199,,,21,7,22.1,14,18,37,
250,healthy,_,participant_demographics,Jerome_Dockes,6136263,,,20,1,,19,18,31,
92,healthy,_,participant_demographics,Jerome_Dockes,6195265,,,15,8,22.21,7,,,
243,healthy,siblings,participant_demographics,Jerome_Dockes,6197719,,,42,,,,,,
244,healthy,controls,participant_demographics,Jerome_Dockes,6197719,,,44,,,,,,
112,healthy,_,participant_demographics,Jerome_Dockes,6198067,,,11,7,28,4,,,
335,healthy,_,participant_demographics,Jerome_Dockes,6200185,,,25,,,,,,
288,healthy,fMRI,participant_demographics,Jerome_Dockes,6215330,,,22,11,23.3,11,,,
289,healthy,EEG,participant_demographics,Jerome_Dockes,6215330,,,21,9,26.76,12,,,
6,healthy,_,participant_demographics,Jerome_Dockes,6220927,,,12,4,,8,,,
107,healthy,_,participant_demographics,Jerome_Dockes,6246657,,,70,,,,,,
27,healthy,_,participant_demographics,Jerome_Dockes,6290711,,,26,26,28.5,,,,
192,healthy,_,participant_demographics,Jerome_Dockes,6328158,,,11,8,33.1,3,25,47,
104,healthy,_,participant_demographics,Jerome_Dockes,6344389,,,16,8,22.5,8,,,
102,healthy,_,participant_demographics,Jerome_Dockes,6350268,,,32,,,,,,
212,healthy,_,participant_demographics,Jerome_Dockes,6382839,,,17,4,,13,,,
231,healthy,_,participant_demographics,Jerome_Dockes,6389716,,,40,,,,,,
162,healthy,_,participant_demographics,Jerome_Dockes,6412974,,,24,14,33.2,10,,,
324,healthy,_,participant_demographics,Jerome_Dockes,6434022,,,55,55,24.255,,18,35,
394,healthy,_,participant_demographics,Jerome_Dockes,6457314,,,42,25,36.86,17,22,55,
423,healthy,HCP,participant_demographics,Jerome_Dockes,6492297,,,820,,,,,,
292,healthy,_,participant_demographics,Jerome_Dockes,6528067,,,10,4,20.8,6,,,
344,healthy,young adults,participant_demographics,Jerome_Dockes,6585311,,,12,8,25.2,4,,,
345,healthy,controls,participant_demographics,Jerome_Dockes,6585311,,,9,4,64.2,5,,,
43,healthy,_,participant_demographics,Jerome_Dockes,6611425,,,163,117,36.9,46,,,
113,healthy,_,participant_demographics,Jerome_Dockes,6646524,,,27,,,,,,
224,healthy,study 1 adults,participant_demographics,Jerome_Dockes,6664004,,,51,10,43.71,41,27.49,55.91,
225,healthy,study 1 adolescents,participant_demographics,Jerome_Dockes,6664004,,,53,26,13.37,27,12.18,14.82,
226,healthy,study 2 adolescents,participant_demographics,Jerome_Dockes,6664004,,,51,26,13.98,25,12.03,15.94,
131,healthy,_,participant_demographics,Jerome_Dockes,6675526,,,20,11,54.6,9,,,
331,healthy,_,participant_demographics,Jerome_Dockes,6688454,,,17,,20.7,17,18,23,
155,healthy,_,participant_demographics,Jerome_Dockes,6697392,,,21,,23.04,,18,35,
154,healthy,_,participant_demographics,Jerome_Dockes,6726765,,,18,9,30.3,9,,,
272,healthy,_,participant_demographics,Jerome_Dockes,6787094,,,16,12,,4,18,40,
310,healthy,_,participant_demographics,Jerome_Dockes,6820536,,,20,,42.1,20,21,70,
280,healthy,_,participant_demographics,Jerome_Dockes,6847157,,,31,10,24.3,21,20,29,
54,healthy,_,participant_demographics,Jerome_Dockes,6854061,,,77,,,,,,
367,healthy,_,participant_demographics,Jerome_Dockes,6868994,,,29,15,34.5,14,,,
400,healthy,_,participant_demographics,Jerome_Dockes,6902076,,,20,9,67.8,11,56,77,
193,healthy,_,participant_demographics,Jerome_Dockes,6908964,,,26,,,,,,
191,healthy,_,participant_demographics,Jerome_Dockes,6989437,,,13,8,,5,20,22,
413,healthy,_,participant_demographics,Jerome_Dockes,7002496,,,20,10,22.3,10,19,28,
337,healthy,young,participant_demographics,Jerome_Dockes,7004957,,,28,19,24.39,9,18,34,
338,healthy,old,participant_demographics,Jerome_Dockes,7004957,,,23,,,,,,
159,healthy,_,participant_demographics,Jerome_Dockes,7005761,,,26,17,11.4,9,8,16,
278,healthy,_,participant_demographics,Jerome_Dockes,7038454,,,104,,17.11,,12.27,21.96,
322,healthy,_,participant_demographics,Jerome_Dockes,7057279,,,55,17,13,38,,,
31,healthy,_,participant_demographics,Jerome_Dockes,7082218,,,45,22,32,23,,,
48,healthy,_,participant_demographics,Jerome_Dockes,7090024,,,32,,,,,,
183,healthy,_,participant_demographics,Jerome_Dockes,7099000,,,57,31,10.19,26,,,
354,healthy,_,participant_demographics,Jerome_Dockes,7118554,,,56,30,,26,,,
189,healthy,_,participant_demographics,Jerome_Dockes,7156375,,,33,18,25.242,15,,,
286,healthy,_,participant_demographics,Jerome_Dockes,7194032,,,28,,,,8,18,
34,healthy,tsd,participant_demographics,Jerome_Dockes,7260173,,,39,22,33.5,17,,,
35,healthy,control,participant_demographics,Jerome_Dockes,7260173,,,15,7,34.5,8,,,
59,healthy,post-partum,participant_demographics,Jerome_Dockes,7272423,,,25,,,25,,,
60,healthy,never pregnant,participant_demographics,Jerome_Dockes,7272423,,,32,,,32,,,
383,healthy,_,participant_demographics,Jerome_Dockes,7275001,,,21,,,,48,70,
177,healthy,_,participant_demographics,Jerome_Dockes,7275020,,,37,,,,,,
357,healthy,_,participant_demographics,Jerome_Dockes,7339141,,,20,9,23,11,18,27,
339,healthy,work with children,participant_demographics,Jerome_Dockes,7395771,,,19,9,,10,,,
340,healthy,no work with children,participant_demographics,Jerome_Dockes,7395771,,,19,9,,10,,,
218,healthy,_,participant_demographics,Jerome_Dockes,7406917,,,7,7,23.5,,21,28,
404,healthy,_,participant_demographics,Jerome_Dockes,7416060,,,90,,,,,,
125,healthy,_,participant_demographics,Jerome_Dockes,7430162,,,13,,28.4,,19,45,
239,healthy,_,participant_demographics,Jerome_Dockes,7456884,,,19,12,27.9,7,,,
403,healthy,_,participant_demographics,Jerome_Dockes,7481390,,,28,15,26.39,13,,,
349,healthy,_,participant_demographics,Jerome_Dockes,7485713,,,20,,,,,,
359,healthy,_,participant_demographics,Jerome_Dockes,7493988,,,10,5,67.7,5,,,
153,healthy,_,participant_demographics,Jerome_Dockes,7518235,,,24,,,24,,,
142,healthy,_,participant_demographics,Jerome_Dockes,7539836,,,43,,,,,,
149,healthy,_,participant_demographics,Jerome_Dockes,7563756,,,29,,,,,,
100,healthy,_,participant_demographics,Jerome_Dockes,7649291,,,12,5,25.8,7,,,
329,healthy,dataset 1,participant_demographics,Jerome_Dockes,7721229,,,160,115,37.04,45,19,59,
330,healthy,dataset 2,participant_demographics,Jerome_Dockes,7721229,,,314,249,17.04,65,6.47,56.2,
160,healthy,_,participant_demographics,Jerome_Dockes,7745153,,,46,32,22.61,14,,,
15,healthy,hcd,participant_demographics,Jerome_Dockes,7758977,,,7,2,31,5,,,
16,healthy,fasting,participant_demographics,Jerome_Dockes,7758977,,,6,1,29,5,,,
332,healthy,_,participant_demographics,Jerome_Dockes,7779563,,,34,,73.2,,56,83,
259,healthy,_,participant_demographics,Jerome_Dockes,7829678,,,39,,,,,,
421,healthy,_,participant_demographics,Jerome_Dockes,7836234,,,19,10,45.8,9,,,
111,healthy,_,participant_demographics,Jerome_Dockes,7838677,,,28,14,,14,55,81,
37,healthy,_,participant_demographics,Jerome_Dockes,7851842,,,18,,,,,,
300,healthy,_,participant_demographics,Jerome_Dockes,7875881,,,17,,,,18,55,
202,healthy,_,participant_demographics,Jerome_Dockes,7913329,,,63,36,37,27,22,55,
422,healthy,_,participant_demographics,Jerome_Dockes,7981326,,,15,5,31.6,10,22,54,
13,healthy,_,participant_demographics,Jerome_Dockes,7989009,,,29,16,23.6,13,21,33,
418,healthy,_,participant_demographics,Jerome_Dockes,7994216,,,24,12,25.3,12,21,34,
245,healthy,fmri experiment,participant_demographics,Jerome_Dockes,8018944,,,30,9,23,21,,,
246,healthy,tms-mep experiment,participant_demographics,Jerome_Dockes,8018944,,,9,2,24,7,,,
381,healthy,_,participant_demographics,Jerome_Dockes,8152834,,,39,21,21.33,18,18,24,
369,healthy,_,participant_demographics,Jerome_Dockes,8154462,,,9,9,53.7,,40,67,
168,healthy,_,participant_demographics,Jerome_Dockes,8172304,,,40,8,,32,25,63,
179,healthy,_,participant_demographics,Jerome_Dockes,8213933,,,27,18,14.49,9,,,
326,healthy,_,participant_demographics,Jerome_Dockes,8315277,,,37,,,,,,
132,healthy,young,participant_demographics,Jerome_Dockes,8318202,,,29,,,,19,30,
133,healthy,old,participant_demographics,Jerome_Dockes,8318202,,,32,,,,65,81,
223,healthy,_,participant_demographics,Jerome_Dockes,8379626,,,67,36,15.6,31,,,
40,healthy,_,participant_demographics,Jerome_Dockes,8459240,,,54,26,,28,,,
62,healthy,_,participant_demographics,Jerome_Dockes,8544331,,,18,9,,9,55,,
291,healthy,_,participant_demographics,Jerome_Dockes,8550949,,,35,26,27.12,9,,,
241,healthy,_,participant_demographics,Jerome_Dockes,8569140,,,30,12,47.63,18,,,
271,healthy,_,participant_demographics,Jerome_Dockes,8615904,,,595,218,39.47,377,8,83,
181,healthy,_,participant_demographics,Jerome_Dockes,8699602,,,24,10,34.5,14,,,
41,healthy,_,participant_demographics,Jerome_Dockes,8752963,,,110,,,,,,
305,healthy,_,participant_demographics,Jerome_Dockes,8764488,,,20,14,24,6,20,34,
187,healthy,_,participant_demographics,Jerome_Dockes,8782893,,,79,,,,,,
81,healthy,_,participant_demographics,Jerome_Dockes,8785614,,,31,,,,,,
220,healthy,_,participant_demographics,Jerome_Dockes,8785646,,,15,,,,,,
167,healthy,_,participant_demographics,Jerome_Dockes,8828908,,,216,,,,,,
108,healthy,_,participant_demographics,Jerome_Dockes,8837589,,,20,9,,11,21,31,
428,healthy,_,participant_demographics,Jerome_Dockes,8883821,,,30,22,,8,19,54,
253,healthy,_,participant_demographics,Jerome_Dockes,8893203,,,10,7,26.6,3,,,
10,healthy,_,participant_demographics,Jerome_Dockes,8933317,,,31,,,,,,
296,healthy,_,participant_demographics,Jerome_Dockes,8933759,,,23,,,,,,
98,healthy,_,participant_demographics,Jerome_Dockes,8939409,,,23,10,21.13,13,,,
313,healthy,_,participant_demographics,Jerome_Dockes,9057100,,,163,117,36.9,46,,,
84,healthy,_,participant_demographics,Jerome_Dockes,9108497,,,134,72,5.34,62,5.08,5.22,
374,healthy,NC,participant_demographics,Jerome_Dockes,9205431,,,38,16,,22,,,
375,healthy,APOE,participant_demographics,Jerome_Dockes,9205431,,,38,16,,22,,,
70,healthy,_,participant_demographics,Jerome_Dockes,9230060,,,20,20,,,,,
275,healthy,abide 1,participant_demographics,Jerome_Dockes,9407088,,,573,,,,,,
276,healthy,abide 2,participant_demographics,Jerome_Dockes,9407088,,,593,,,,,,
222,healthy,_,participant_demographics,Jerome_Dockes,9435010,,,50,,,,,,
99,healthy,_,participant_demographics,Jerome_Dockes,9548384,,,23,23,29.9,,,,
371,healthy,_,participant_demographics,Jerome_Dockes,9564100,,,1418,546,22.39,872,18,35,
477,healthy,_,participant_demographics,ju-chi_yu,10839335,,,48,,,,,,
472,healthy,_,participant_demographics,ju-chi_yu,10839845,,,10,,,,,,
591,healthy,_,participant_demographics,ross_blair,10844152,,,7,,,,,,
597,healthy,_,participant_demographics,ross_blair,10850607,,,165,,,,,,
466,healthy,_,participant_demographics,ju-chi_yu,10858222,,,22,,,,,,
474,healthy,_,participant_demographics,ju-chi_yu,10870473,,,30,,,,,,
592,healthy,_,participant_demographics,ross_blair,10877862,,,78,,,,,,
467,healthy,_,participant_demographics,ju-chi_yu,10956805,,,73,,,,,,
469,healthy,_,participant_demographics,ju-chi_yu,10958407,,,37,,,,,,
471,healthy,_,participant_demographics,ju-chi_yu,10980722,,,229,,,,,,
588,healthy,_,participant_demographics,ross_blair,10995093,,,79,,,,,,
596,healthy,_,participant_demographics,ross_blair,10999557,,,58,,,,,,
593,healthy,_,participant_demographics,ross_blair,11000510,,,395,,,,,,
475,healthy,_,participant_demographics,ju-chi_yu,11024046,,,16,,,,,,
464,patients,_,participant_demographics,ju-chi_yu,11033924,,,114,,,,,,
465,healthy,_,participant_demographics,ju-chi_yu,11033924,,,94,,,,,,
594,healthy,_,participant_demographics,ross_blair,11035677,,,54,,,,,,
470,healthy,_,participant_demographics,ju-chi_yu,11063816,,,50,,,,,,
590,healthy,_,participant_demographics,ross_blair,11069337,,,28,,,,,,
