pmcid,diagnosis,umls_cui,umls_name,umls_prob,count,group_ix,start_char,end_char
2494616,"unilateral, upper limb amputation and phantom limb pain",C0031315,PHANTOM LIMB PAIN,0.6671693325042725,13.0,150,8118,9527
2494616,"unilateral, upper limb amputation and phantom limb pain",C0239377,Upper limb pain,0.6447744965553284,13.0,150,8118,9527
2648877,Autism Spectrum Disorder,C0524528,Autism spectrum disorder,0.9845767617225647,15.0,116,10521,12299
2648877,Autism Spectrum Disorder,C1510586,Autism spectrum disorder,0.9845767617225647,15.0,116,10521,12299
2648877,Autism Spectrum Disorder,C0004352,Autism disorder,0.7902024388313293,15.0,116,10521,12299
2648877,Autism Spectrum Disorder,C4286238,Autism Spectrum Disorder Gene Panel Reagents,0.7291615009307861,15.0,116,10521,12299
2648877,Autism Spectrum Disorder,C4286239,Autism Spectrum Disorder Gene Mutation Reagents,0.721701443195343,15.0,116,10521,12299
2748718,Christians,C0344346,christians,0.9938357472419739,20.0,137,25958,29873
2748718,Christians,C0008532,Christian,0.8474553227424622,20.0,137,25958,29873
2748718,Christians,C0242220,Protestant Christian,0.6515681743621826,20.0,137,25958,29873
2748718,Christians,C0030328,disease weber christians,0.6396371722221375,20.0,137,25958,29873
2748718,Christians,C2678194,Christianson Syndrome,0.6355597972869873,20.0,137,25958,29873
2748718,Nonbelievers,C0002771,Pain Relievers,0.6171939969062805,21.0,138,25958,29873
2748718,Nonbelievers,C0004951,Believe,0.5784448385238647,21.0,138,25958,29873
3002948,phobic prone,C0033422,Prone,0.6658980846405029,15.0,339,8290,11062
3002948,phobic prone,C0349231,phobic disorder,0.5297921299934387,15.0,339,8290,11062
3002948,eating disorders prone,C0013473,EATING DISORDERS,0.8533963561058044,15.0,340,8290,11062
3002948,eating disorders prone,C0596170,binge disorders eating,0.7596011161804199,15.0,340,8290,11062
3002948,eating disorders prone,C0855228,Disordered Eating,0.7074334025382996,15.0,340,8290,11062
3002948,eating disorders prone,C4042784,Feeding and Eating Disorders,0.6898925304412842,15.0,340,8290,11062
3002948,eating disorders prone,C0013447,disorders earing,0.6843474507331848,15.0,340,8290,11062
3045463,idiopathic Parkinson's disease,C0030567,Idiopathic Parkinson's disease,0.9701851606369019,21.0,177,6018,9180
3182403,Parkinson's disease,C0030567,DISEASE PARKINSON'S,0.9629952907562256,21.0,330,5559,6387
3409150,smokers,C0337664,Smokers,0.9901642799377441,18.0,149,8569,9966
3409150,smokers,C0337671,ex smokers,0.9168155789375305,18.0,149,8569,9966
3409150,smokers,C3241966,Smoker,0.822004497051239,18.0,149,8569,9966
3409150,smokers,C0399478,Smokers keratosis,0.79575514793396,18.0,149,8569,9966
3409150,smokers,C0337666,cigar smokers,0.7600803375244141,18.0,149,8569,9966
3423412,Alzheimer disease,C0002395,ALZHEIMER DISEASE,0.9341862797737122,14.0,298,6223,8710
3423412,Alzheimer disease,C1364818,Alzheimer disease,0.9341862797737122,14.0,298,6223,8710
3423412,Alzheimer disease,C1418985,Alzheimer disease 3,0.9084566235542297,14.0,298,6223,8710
3423412,Alzheimer disease,C1843013,Alzheimer disease 3,0.9084566235542297,14.0,298,6223,8710
3423412,Alzheimer disease,C1418986,Alzheimer disease 4,0.9060426950454712,14.0,298,6223,8710
3423412,mild cognitive impairment,C1270972,Mild cognitive impairment,0.9720510244369507,8.0,299,6223,8710
3423412,mild cognitive impairment,C0338656,cognitive impairment,0.8798452019691467,8.0,299,6223,8710
3423412,mild cognitive impairment,C3554639,Severe cognitive impairment,0.7759852409362793,8.0,299,6223,8710
3447931,amyotrophic lateral sclerosis,C0002736,Amyotrophic lateral sclerosis,0.972338080406189,20.0,332,7348,8813
3447931,amyotrophic lateral sclerosis,C1862939,Amyotrophic Lateral Sclerosis 1,0.95508873462677,20.0,332,7348,8813
3447931,amyotrophic lateral sclerosis,C1822695,amyotrophic lateral sclerosis 4,0.9438249468803406,20.0,332,7348,8813
3447931,amyotrophic lateral sclerosis,C1414860,amyotrophic lateral sclerosis 6,0.9394366145133972,20.0,332,7348,8813
3447931,amyotrophic lateral sclerosis,C2931786,Amyotrophic Lateral Sclerosis 6,0.9394366145133972,20.0,332,7348,8813
3510214,mal de debarquement syndrome,C1608983,Mal de debarquement syndrome,0.9310316443443298,20.0,360,12585,13447
3510214,mal de debarquement syndrome,C0853695,syndrome de,0.6530311703681946,20.0,360,12585,13447
3510214,mal de debarquement syndrome,C0878681,Dent syndrome,0.6516091823577881,20.0,360,12585,13447
3510214,mal de debarquement syndrome,C4303593,DEND syndrome,0.5567460060119629,20.0,360,12585,13447
3510214,mal de debarquement syndrome,C0039082,Syndrome,0.5411238670349121,20.0,360,12585,13447
3511796,nicotine dependence,C0028043,Nicotine dependence,0.9813451766967773,45.0,63,3425,5707
3511796,nicotine dependence,C0011546,Dependence,0.7324756979942322,45.0,63,3425,5707
3511796,nicotine dependence,C0439857,Dependence,0.7324756979942322,45.0,63,3425,5707
3511796,nicotine dependence,C2911355,Personal History of Nicotine Dependence,0.7251219749450684,45.0,63,3425,5707
3511796,nicotine dependence,C0451156,Fagerstrom test for nicotine dependence,0.6860552430152893,45.0,63,3425,5707
3554651,proficient,C5204275,HR Proficient,0.8056691288948059,11.0,171,39775,41437
3554651,proficient,C5206881,ATM Proficient Tumor,0.6620137095451355,11.0,171,39775,41437
3554651,proficient,C2936630,Proficiency Testing,0.6176790595054626,11.0,171,39775,41437
3554651,proficient,C4330691,Mismatch Repair Protein Proficient,0.6095282435417175,11.0,171,39775,41437
3554651,proficient,C1553512,Operator Proficiency,0.6085749864578247,11.0,171,39775,41437
3554651,less-proficient,C5204275,HR Proficient,0.6127207279205322,10.0,172,39775,41437
3554651,less-proficient,C5206881,ATM Proficient Tumor,0.5034648180007935,10.0,172,39775,41437
3701149,adolescents with transient auditory hallucinations,C0233762,auditory hallucinations,0.661284863948822,12.0,310,11779,14691
3701149,adolescents with transient auditory hallucinations,C0018524,hallucinations,0.5278156399726868,12.0,310,11779,14691
3701149,adolescents with a 22q11.2 Deletion Syndrome,C0012236,22q11.2 deletion syndrome,0.713272213935852,13.0,311,11779,14691
3701149,adolescents with a 22q11.2 Deletion Syndrome,C0220704,22q11.2 Deletion Syndrome,0.713272213935852,13.0,311,11779,14691
3701149,adolescents with a 22q11.2 Deletion Syndrome,C2936346,22q11 Deletion Syndrome,0.6466574668884277,13.0,311,11779,14691
3701149,adolescents with a 22q11.2 Deletion Syndrome,C4518343,Distal 22q11.2 microdeletion syndrome,0.6189098954200745,13.0,311,11779,14691
3701149,adolescents with a 22q11.2 Deletion Syndrome,C1853490,Deletion 22q13 Syndrome,0.5830057859420776,13.0,311,11779,14691
3742334,marijuana abuse,C0024809,Marijuana abuse,0.9404541850090027,10.0,237,7512,11306
3742334,marijuana abuse,C0024810,MARIJUANA USE,0.7966894507408142,10.0,237,7512,11306
3742334,marijuana abuse,C4084815,Use Marijuana,0.7966894507408142,10.0,237,7512,11306
3742334,marijuana abuse,C4316909,marijuana use,0.7966894507408142,10.0,237,7512,11306
3742334,marijuana abuse,C0024808,marijuana,0.7473585605621338,10.0,237,7512,11306
3777673,obsessive-compulsive disorder,C0028768,Obsessive-Compulsive Disorder,0.9727429151535034,19.0,358,6638,9015
3777673,obsessive-compulsive disorder,C1420214,obsessive-compulsive disorder 1,0.9617857336997986,19.0,358,6638,9015
3777673,obsessive-compulsive disorder,C0009595,Obsessive-Compulsive Personality Disorder,0.8704097270965576,19.0,358,6638,9015
3791281,binge drinkers,C0556346,binge drink,0.7454811334609985,12.0,190,6198,9421
3791281,binge drinkers,C0556338,Drinker,0.6526684761047363,12.0,190,6198,9421
3791281,binge drinkers,C0457801,non drinker,0.5923289060592651,12.0,190,6198,9421
3791281,binge drinkers,C0262816,Syringe Drivers,0.550137460231781,12.0,190,6198,9421
3791281,binge drinkers,C0337676,Social drinker,0.5141023397445679,12.0,190,6198,9421
3842522,autism spectrum disorder,C0524528,Autism spectrum disorder,0.9845767617225647,42.0,355,11123,13089
3842522,autism spectrum disorder,C1510586,Autism spectrum disorder,0.9845767617225647,42.0,355,11123,13089
3842522,autism spectrum disorder,C0004352,Autism disorder,0.7902024388313293,42.0,355,11123,13089
3842522,autism spectrum disorder,C4286238,Autism Spectrum Disorder Gene Panel Reagents,0.7291615009307861,42.0,355,11123,13089
3842522,autism spectrum disorder,C4286239,Autism Spectrum Disorder Gene Mutation Reagents,0.721701443195343,42.0,355,11123,13089
3877773,Tourette syndrome,C0040517,Tourette Syndrome,0.9815427660942078,20.0,325,6179,7775
3877773,Tourette syndrome,C0039082,syndrome,0.7029404640197754,20.0,325,6179,7775
3913832,anorexia nervosa,C0003125,Anorexia nervosa,0.9716147184371948,31.0,129,7409,9049
3913832,anorexia nervosa,C5396958,Orthorexia nervosa,0.7781927585601807,31.0,129,7409,9049
3913832,anorexia nervosa,C5568567,Prepubertal anorexia nervosa,0.7446135878562927,31.0,129,7409,9049
3913832,anorexia nervosa,C0003123,Anorexia,0.7075310349464417,31.0,129,7409,9049
3984441,dementia with Lewy bodies,C0752347,Dementia with Lewy Bodies,0.9271519780158997,16.0,209,7293,9018
3984441,dementia with Lewy bodies,C0085200,Lewy bodies,0.6206755042076111,16.0,209,7293,9018
3984441,dementia with Lewy bodies,C0011265,dementia,0.5850844383239746,16.0,209,7293,9018
3984441,dementia with Lewy bodies,C0497327,dementia,0.5850844383239746,16.0,209,7293,9018
4017227,refractory epilepsy of the temporal lobe,C0014556,temporal lobe epilepsy,0.7421417236328125,23.0,375,7012,9327
4017227,refractory epilepsy of the temporal lobe,C1096063,Refractory Epilepsy,0.7000366449356079,23.0,375,7012,9327
4017227,refractory epilepsy of the temporal lobe,C1842564,Familial temporal lobe epilepsy,0.6612069010734558,23.0,375,7012,9327
4029608,generalized Social anxiety disorder,C0270549,generalized anxiety disorder,0.8641172647476196,27.0,301,8770,11234
4029608,generalized Social anxiety disorder,C3641330,Generalized Anxiety Disorder Scale,0.8041279315948486,27.0,301,8770,11234
4029608,generalized Social anxiety disorder,C0031572,Social Anxiety Disorder,0.7756987810134888,27.0,301,8770,11234
4029608,generalized Social anxiety disorder,C2982365,Generalized Anxiety Disorder Questionnaire,0.6945269703865051,27.0,301,8770,11234
4030253,Internet Addiction,C5392078,Internet Addiction,0.9517041444778442,18.0,374,12909,14925
4030253,Internet Addiction,C0085281,Addiction,0.6845893859863281,18.0,374,12909,14925
4030253,Internet Addiction,C3898714,Internet Intervention,0.6720983982086182,18.0,374,12909,14925
4030253,Internet Addiction,C0282111,internet,0.6623272895812988,18.0,374,12909,14925
4030253,Internet Addiction,C4505067,Addiction medicine,0.5753015279769897,18.0,374,12909,14925
4048172,chronic pain,C0150055,chronic pain,0.9859752655029297,13.0,219,8990,10646
4048172,chronic pain,C1333034,Chronic Cancer Pain,0.8103399872779846,13.0,219,8990,10646
4048172,chronic pain,C0205191,chronic,0.7912920117378235,13.0,219,8990,10646
4048172,chronic pain,C1555457,Chronic,0.7912920117378235,13.0,219,8990,10646
4174863,"substance use disorders, major depression",C1269683,"Depressive Disorders, Major",0.7024959921836853,157.0,180,7405,10633
4174863,"substance use disorders, major depression",C0041696,Major Depressive Disorder,0.6387749910354614,157.0,180,7405,10633
4174863,"substance use disorders, major depression",C0236969,"Related Disorders, Substance",0.617163896560669,157.0,180,7405,10633
4174863,"substance use disorders, major depression",C0011581,"Disorders, Depressive",0.6090436577796936,157.0,180,7405,10633
4175730,chronic osteoarthritis,C0263778,Chronic osteoarthritis,0.9718143939971924,44.0,135,19248,20025
4175730,chronic osteoarthritis,C0029408,OSTEOARTHRITIS,0.7911454439163208,44.0,135,19248,20025
4175730,chronic osteoarthritis,C0949690,spine osteoarthritis,0.7278708815574646,44.0,135,19248,20025
4175730,chronic osteoarthritis,C2350242,Spine Osteoarthritis,0.7278708815574646,44.0,135,19248,20025
4184784,Parkinson's Disease,C0030567,DISEASE PARKINSON'S,0.9629952907562256,37.0,275,6434,8455
4190683,"Attention Deficit Hyperactivity Disorder, hyperactive-impulsive/inattentive combined subtype",C1263846,"Attention deficit hyperactivity disorder, hyperactive impulsive type",0.8556283712387085,30.0,247,9065,12151
4190683,"Attention Deficit Hyperactivity Disorder, hyperactive-impulsive/inattentive combined subtype",C0339002,"Attention Deficit Hyperactivity Disorder, Inattentive Type",0.8178698420524597,30.0,247,9065,12151
4215530,VPT,C4749792,VPTR,0.6375465393066406,24.0,175,10681,12744
4265725,Autism spectrum conditions,C0524528,Autism spectrum disorder,0.6261480450630188,18.0,287,10617,12494
4265725,Autism spectrum conditions,C1510586,Autism spectrum disorder,0.6261480450630188,18.0,287,10617,12494
4265725,Autism spectrum conditions,C1883073,Spectrum,0.562343180179596,18.0,287,10617,12494
4265725,Autism spectrum conditions,C2827424,Spectrum,0.562343180179596,18.0,287,10617,12494
4265725,Autism spectrum conditions,C4042936,Action Spectrum,0.5514991283416748,18.0,287,10617,12494
4416052,social anxiety disorder (generalized subtype),C0270549,generalized anxiety disorder,0.7379187941551208,53.0,216,5666,9459
4416052,social anxiety disorder (generalized subtype),C3641330,Generalized Anxiety Disorder Scale,0.6866927742958069,53.0,216,5666,9459
4416052,social anxiety disorder (generalized subtype),C0031572,Social Anxiety Disorder,0.6852928400039673,53.0,216,5666,9459
4416052,social anxiety disorder (generalized subtype),C2982365,Generalized Anxiety Disorder Questionnaire,0.5930876135826111,53.0,216,5666,9459
4473263,chronic left-hemisphere stroke,C0228176,Left Brain Hemisphere,0.5325112342834473,32.0,186,8398,9988
4530666,anorexia nervosa,C0003125,Anorexia nervosa,0.9716147184371948,23.0,239,9512,12494
4530666,anorexia nervosa,C5396958,Orthorexia nervosa,0.7781927585601807,23.0,239,9512,12494
4530666,anorexia nervosa,C5568567,Prepubertal anorexia nervosa,0.7446135878562927,23.0,239,9512,12494
4530666,anorexia nervosa,C0003123,Anorexia,0.7075310349464417,23.0,239,9512,12494
4589842,"depression (2 major depressive disorder, 9 bipolar disorder)",C0005587,bipolar disorder depression,0.8303794264793396,11.0,243,6061,7568
4589842,"depression (2 major depressive disorder, 9 bipolar disorder)",C1269683,Major depressive disorder (disorder),0.8147565126419067,11.0,243,6061,7568
4589842,"depression (2 major depressive disorder, 9 bipolar disorder)",C0011581,"Disorder, Depressive",0.8125049471855164,11.0,243,6061,7568
4589842,"depression (2 major depressive disorder, 9 bipolar disorder)",C0041696,Major Depressive Disorder,0.7923916578292847,11.0,243,6061,7568
4589842,"depression (2 major depressive disorder, 9 bipolar disorder)",C0005586,Manic Depressive Disorder,0.7473930716514587,11.0,243,6061,7568
4869560,major depressive disorder,C0041696,Major Depressive Disorder,0.966160774230957,30.0,152,6957,9021
4869560,major depressive disorder,C1269683,Major Depressive Disorder,0.966160774230957,30.0,152,6957,9021
4869560,major depressive disorder,C0011581,depressive disorder,0.8692560791969299,30.0,152,6957,9021
4869560,major depressive disorder,C0005586,Manic Depressive Disorder,0.8231246471405029,30.0,152,6957,9021
4869560,major depressive disorder,C0024517,Single Episode of Major Depressive Disorder,0.7714975476264954,30.0,152,6957,9021
4936600,attention-deficit hyperactivity disorder,C1263846,Attention-deficit hyperactivity disorder,0.9772719144821167,19.0,120,7788,11563
4936600,attention-deficit hyperactivity disorder,C0339002,Attention deficit disorder without hyperactivity,0.8315789699554443,19.0,120,7788,11563
4936600,attention-deficit hyperactivity disorder,C0041671,Attention-deficit disorder,0.7890127301216125,19.0,120,7788,11563
4936600,Developmental coordination disorder,C0011757,Developmental Coordination Disorder,0.9609795808792114,6.0,121,7788,11563
4936600,Developmental coordination disorder,C0008073,developmental disorder,0.7852920889854431,6.0,121,7788,11563
4936600,Developmental coordination disorder,C0494698,Dental Developmental Disorder,0.7621097564697266,6.0,121,7788,11563
4936600,Developmental coordination disorder+attention-deficit hyperactivity disorder,C1263846,Attention deficit hyperactivity disorder (disorder),0.7646325826644897,14.0,122,7788,11563
4936600,Developmental coordination disorder+attention-deficit hyperactivity disorder,C0011757,Developmental coordination disorder (disorder),0.7444082498550415,14.0,122,7788,11563
4936600,Developmental coordination disorder+attention-deficit hyperactivity disorder,C0339002,Attention deficit disorder without mention of hyperactivity,0.6999083161354065,14.0,122,7788,11563
4936600,Developmental coordination disorder+attention-deficit hyperactivity disorder,C0041671,Attention deficit disorder,0.6636183857917786,14.0,122,7788,11563
4983635,major depressive disorder,C0041696,Major Depressive Disorder,0.966160774230957,45.0,203,8102,10652
4983635,major depressive disorder,C1269683,Major Depressive Disorder,0.966160774230957,45.0,203,8102,10652
4983635,major depressive disorder,C0011581,depressive disorder,0.8692560791969299,45.0,203,8102,10652
4983635,major depressive disorder,C0005586,Manic Depressive Disorder,0.8231246471405029,45.0,203,8102,10652
4983635,major depressive disorder,C0024517,Single Episode of Major Depressive Disorder,0.7714975476264954,45.0,203,8102,10652
4990879,heroin use,C4086928,Use Heroin,0.9852148294448853,40.0,119,7250,8174
4990879,heroin use,C0011892,Heroin,0.8056904077529907,40.0,119,7250,8174
4990879,heroin use,C0042153,use,0.568857729434967,40.0,119,7250,8174
4990879,heroin use,C0457083,Use,0.568857729434967,40.0,119,7250,8174
4990879,heroin use,C4086213,Concern About Your Use of Heroin,0.5180338025093079,40.0,119,7250,8174
5030332,posttraumatic stress disorder,C0038436,Posttraumatic Stress Disorder,0.956368088722229,21.0,363,7905,9151
5030332,posttraumatic stress disorder,C0038441,Traumatic Stress Disorder,0.866463840007782,21.0,363,7905,9151
5030332,posttraumatic stress disorder,C0236816,acute traumatic stress disorder,0.7808260321617126,21.0,363,7905,9151
5104469,"post-traumatic stress disorders, depression, anxiety, conduct disorder and phobia",C0038436,"Stress Disorders, Post-Traumatic",0.6954759359359741,21.0,327,12106,15360
5104469,"post-traumatic stress disorders, depression, anxiety, conduct disorder and phobia",C0038441,"Stress Disorders, Traumatic",0.6594730615615845,21.0,327,12106,15360
5266856,aphasia,C0003537,APHASIA,0.985831618309021,39.0,169,11355,12649
5266856,aphasia,C0003113,APHASIA NOMINAL,0.7659984230995178,39.0,169,11355,12649
5266856,aphasia,C0003550,Motor aphasia,0.7634828686714172,39.0,169,11355,12649
5279905,ASD,C0018817,asd,0.9644922614097595,16.0,353,7481,9124
5279905,ASD,C0856975,ASD,0.9644922614097595,16.0,353,7481,9124
5279905,ASD,C1510586,ASD,0.9644922614097595,16.0,353,7481,9124
5279905,ASD,C0015923,FASD,0.7015364170074463,16.0,353,7481,9124
5279905,ASD,C2985290,FASD,0.7015364170074463,16.0,353,7481,9124
5292583,schizophrenia,C0036341,schizophrenia,0.9816023111343384,34.0,161,6605,8461
5292583,schizophrenia,C0220702,SCHIZOPHRENIA 1,0.9540121555328369,34.0,161,6605,8461
5371603,congenitally profoundly deaf,C0009678,congenital,0.5514968633651733,14.0,173,25055,27824
5371603,congenitally profoundly deaf,C1744681,Congenital,0.5514968633651733,14.0,173,25055,27824
5371603,congenitally profoundly deaf,C0000768,congenital anomaly,0.5087701678276062,14.0,173,25055,27824
5394595,bronchial asthma,C0004096,bronchial asthma,0.9720533490180969,17.0,126,5950,6820
5394595,bronchial asthma,C0205039,bronchial,0.7623927593231201,17.0,126,5950,6820
5394595,bronchial asthma,C0719022,Bronchial,0.7623927593231201,17.0,126,5950,6820
5394595,bronchial asthma,C1334103,Bronchial hyperresponsiveness-1 (bronchial asthma),0.669772744178772,17.0,126,5950,6820
5394595,bronchial asthma,C1708423,Bronchial Hyperresponsiveness-1 (Bronchial Asthma) Gene,0.6533347368240356,17.0,126,5950,6820
5394595,bronchial asthma,C0004096,bronchial asthma,0.9720533490180969,25.0,127,5950,6820
5394595,bronchial asthma,C0205039,bronchial,0.7623927593231201,25.0,127,5950,6820
5394595,bronchial asthma,C0719022,Bronchial,0.7623927593231201,25.0,127,5950,6820
5394595,bronchial asthma,C1334103,Bronchial hyperresponsiveness-1 (bronchial asthma),0.669772744178772,25.0,127,5950,6820
5394595,bronchial asthma,C1708423,Bronchial Hyperresponsiveness-1 (Bronchial Asthma) Gene,0.6533347368240356,25.0,127,5950,6820
5413198,alcohol dependence,C0001973,Alcohol dependence,0.9818964004516602,34.0,368,10741,12545
5413198,alcohol dependence,C0011546,Dependence,0.7537113428115845,34.0,368,10741,12545
5413198,alcohol dependence,C0439857,Dependence,0.7537113428115845,34.0,368,10741,12545
5460048,chronic dieters,C0205191,chronic,0.70140540599823,75.0,383,11781,14592
5460048,chronic dieters,C1555457,Chronic,0.70140540599823,75.0,383,11781,14592
5460048,chronic dieters,C0008679,chronic disorders,0.6746525168418884,75.0,383,11781,14592
5460048,chronic dieters,C0023977,chronic care,0.5668206214904785,75.0,383,11781,14592
5460048,chronic dieters,C0150055,chronic pain,0.5639235377311707,75.0,383,11781,14592
5537800,obesity,C0028754,OBESITY,0.9890912771224976,19.0,103,8516,10261
5537800,obesity,C4759928,OBESITY,0.9890912771224976,19.0,103,8516,10261
5537800,obesity,C0311277,Central obesity,0.8059842586517334,19.0,103,8516,10261
5537800,obesity,C4551560,Central obesity,0.8059842586517334,19.0,103,8516,10261
5537800,obesity,C4742979,Obesity Factor,0.7964982986450195,19.0,103,8516,10261
5552726,asymptomatic carotid artery stenosis,C3494609,Asymptomatic carotid artery stenosis,0.9781074523925781,16.0,293,3930,5250
5552726,asymptomatic carotid artery stenosis,C0007282,Carotid Artery Stenosis,0.789074718952179,16.0,293,3930,5250
5598991,Major depressive disorder,C0041696,Major Depressive Disorder,0.966160774230957,147.0,140,7260,9372
5598991,Major depressive disorder,C1269683,Major Depressive Disorder,0.966160774230957,147.0,140,7260,9372
5598991,Major depressive disorder,C0011581,depressive disorder,0.8692560791969299,147.0,140,7260,9372
5598991,Major depressive disorder,C0005586,Manic Depressive Disorder,0.8231246471405029,147.0,140,7260,9372
5598991,Major depressive disorder,C0024517,Single Episode of Major Depressive Disorder,0.7714975476264954,147.0,140,7260,9372
5655292,idiopathic Parkinson's disease,C0030567,Idiopathic Parkinson's disease,0.9701851606369019,65.0,313,3039,4402
5665859,ischemic stroke,C0948008,Ischemic stroke,0.9727082252502441,72.0,155,7175,10809
5665859,ischemic stroke,C4763940,Non-ischemic Stroke,0.7696096897125244,72.0,155,7175,10809
5665859,ischemic stroke,C5680049,Pediatric arterial ischemic stroke,0.7525074481964111,72.0,155,7175,10809
5665859,ischemic stroke,C0475224,Ischemic,0.7474812269210815,72.0,155,7175,10809
5665859,ischemic stroke,C0948008,Ischemic stroke,0.9727082252502441,72.0,156,7175,10809
5665859,ischemic stroke,C4763940,Non-ischemic Stroke,0.7696096897125244,72.0,156,7175,10809
5665859,ischemic stroke,C5680049,Pediatric arterial ischemic stroke,0.7525074481964111,72.0,156,7175,10809
5665859,ischemic stroke,C0475224,Ischemic,0.7474812269210815,72.0,156,7175,10809
5665859,ischemic stroke,C0948008,Ischemic stroke,0.9727082252502441,72.0,157,7175,10809
5665859,ischemic stroke,C4763940,Non-ischemic Stroke,0.7696096897125244,72.0,157,7175,10809
5665859,ischemic stroke,C5680049,Pediatric arterial ischemic stroke,0.7525074481964111,72.0,157,7175,10809
5665859,ischemic stroke,C0475224,Ischemic,0.7474812269210815,72.0,157,7175,10809
5686883,juvenile fibromyalgia,C3896653,Juvenile Primary Fibromyalgia Syndrome,0.8223859667778015,10.0,108,7085,9280
5686883,juvenile fibromyalgia,C0016053,fibromyalgia,0.7516030073165894,10.0,108,7085,9280
5686883,juvenile fibromyalgia,C0432284,juvenile fibromatosis,0.6866216659545898,10.0,108,7085,9280
5686883,juvenile fibromyalgia,C2745948,Fibromatosis Juvenile Hyaline,0.6585564613342285,10.0,108,7085,9280
5686883,juvenile fibromyalgia,C0346158,Juvenile Fibroadenoma,0.6243640184402466,10.0,108,7085,9280
5758587,Developmental dyscalculia,C1395913,Developmental Dyscalculia,0.9639253616333008,14.0,364,11527,14377
5758587,Developmental dyscalculia,C0678723,Developmental,0.7101881504058838,14.0,364,11527,14377
5758587,Developmental dyscalculia,C0028877,dental development,0.6887815594673157,14.0,364,11527,14377
5758587,Developmental dyscalculia,C0869474,Dyscalculia,0.6548758745193481,14.0,364,11527,14377
5758587,Developmental dyscalculia,C5551529,Dyscalculia,0.6548758745193481,14.0,364,11527,14377
5758587,Developmental dyscalculia,C1395913,Developmental Dyscalculia,0.9639253616333008,13.0,366,11527,14377
5758587,Developmental dyscalculia,C0678723,Developmental,0.7101881504058838,13.0,366,11527,14377
5758587,Developmental dyscalculia,C0028877,dental development,0.6887815594673157,13.0,366,11527,14377
5758587,Developmental dyscalculia,C0869474,Dyscalculia,0.6548758745193481,13.0,366,11527,14377
5758587,Developmental dyscalculia,C5551529,Dyscalculia,0.6548758745193481,13.0,366,11527,14377
5761874,temporal lobe epilepsy,C0014556,temporal lobe epilepsy,0.9817611575126648,25.0,282,7481,8731
5761874,temporal lobe epilepsy,C1842564,Familial temporal lobe epilepsy,0.8746944069862366,25.0,282,7481,8731
5761874,temporal lobe epilepsy,C4551957,"Epilepsy, Familial Temporal Lobe 1",0.7766635417938232,25.0,282,7481,8731
5761874,temporal lobe epilepsy,C1838062,Autosomal Dominant Lateral Temporal Lobe Epilepsy,0.7664481401443481,25.0,282,7481,8731
5761874,temporal lobe epilepsy,C0039485,Temporal lobe,0.7584754228591919,25.0,282,7481,8731
5857897,Tourette syndrome,C0040517,Tourette Syndrome,0.9815427660942078,5.0,381,6603,7746
5857897,Tourette syndrome,C0039082,syndrome,0.7029404640197754,5.0,381,6603,7746
5870086,autism spectrum disorder,C0524528,Autism spectrum disorder,0.9845767617225647,33.0,139,9508,11703
5870086,autism spectrum disorder,C1510586,Autism spectrum disorder,0.9845767617225647,33.0,139,9508,11703
5870086,autism spectrum disorder,C0004352,Autism disorder,0.7902024388313293,33.0,139,9508,11703
5870086,autism spectrum disorder,C4286238,Autism Spectrum Disorder Gene Panel Reagents,0.7291615009307861,33.0,139,9508,11703
5870086,autism spectrum disorder,C4286239,Autism Spectrum Disorder Gene Mutation Reagents,0.721701443195343,33.0,139,9508,11703
5903407,left hemisphere infarcts,C0228176,Left Brain Hemisphere,0.6917137503623962,27.0,249,7983,10239
5903407,left hemisphere infarcts,C0228174,Brain Hemisphere,0.5648952126502991,27.0,249,7983,10239
6004505,multi-problem young adults,C0238598,Young adults,0.6873080134391785,100.0,59,7938,9518
6004505,multi-problem young adults,C0001675,Adults,0.5358113646507263,100.0,59,7938,9518
6004505,multi-problem young adults,C3554568,Young adult onset,0.5049914717674255,100.0,59,7938,9518
6024199,Posttraumatic stress disorder,C0038436,Posttraumatic Stress Disorder,0.956368088722229,21.0,143,14405,15358
6024199,Posttraumatic stress disorder,C0038441,Traumatic Stress Disorder,0.866463840007782,21.0,143,14405,15358
6024199,Posttraumatic stress disorder,C0236816,acute traumatic stress disorder,0.7808260321617126,21.0,143,14405,15358
6024199,trauma-exposed control,C0009932,Control,0.5732956528663635,21.0,144,14405,15358
6024199,trauma-exposed control,C0308718,CONTROL,0.5732956528663635,21.0,144,14405,15358
6024199,trauma-exposed control,C1882979,Control,0.5732956528663635,21.0,144,14405,15358
6024199,trauma-exposed control,C2587213,Control,0.5732956528663635,21.0,144,14405,15358
6024199,trauma-exposed control,C3274648,Control,0.5732956528663635,21.0,144,14405,15358
6197719,schizophrenia,C0036341,schizophrenia,0.9816023111343384,46.0,230,10028,12384
6197719,schizophrenia,C0220702,SCHIZOPHRENIA 1,0.9540121555328369,46.0,230,10028,12384
6200185,relapsing-remitting multiple sclerosis,C0751967,relapsing-remitting multiple sclerosis,0.9681533575057983,50.0,205,7655,8461
6200185,relapsing-remitting multiple sclerosis,C0026769,multiple sclerosis,0.6601127982139587,50.0,205,7655,8461
6220927,cockroach phobia,C0009208,Cockroach,0.7317716479301453,12.0,283,5977,7136
6220927,cockroach phobia,C0600450,German Cockroach,0.6216258406639099,12.0,283,5977,7136
6220927,cockroach phobia,C0349231,PHOBIA,0.6128426194190979,12.0,283,5977,7136
6246657,major depressive disorder,C0041696,Major Depressive Disorder,0.966160774230957,40.0,111,7306,10392
6246657,major depressive disorder,C1269683,Major Depressive Disorder,0.966160774230957,40.0,111,7306,10392
6246657,major depressive disorder,C0011581,depressive disorder,0.8692560791969299,40.0,111,7306,10392
6246657,major depressive disorder,C0005586,Manic Depressive Disorder,0.8231246471405029,40.0,111,7306,10392
6246657,major depressive disorder,C0024517,Single Episode of Major Depressive Disorder,0.7714975476264954,40.0,111,7306,10392
6246657,bipolar disorderD,C0005586,Bipolar disorder,0.9000585675239563,21.0,112,7306,10392
6246657,bipolar disorderD,C0024713,bipolar disorder manic,0.7997838854789734,21.0,112,7306,10392
6347794,attention-deficit/hyperactivity disorder,C1263846,Attention-deficit/hyperactivity disorder,0.9479967355728149,38.0,318,7742,10511
6347794,attention-deficit/hyperactivity disorder,C0339002,Attention deficit disorder without hyperactivity,0.7679945826530457,38.0,318,7742,10511
6350268,vascular mild cognitive impairment,C1270972,Mild cognitive impairment,0.8372827172279358,31.0,291,6317,9916
6350268,vascular mild cognitive impairment,C0338656,cognitive impairment,0.7578606605529785,31.0,291,6317,9916
6350268,vascular mild cognitive impairment,C3554639,Severe cognitive impairment,0.6684000492095947,31.0,291,6317,9916
6382839,panic disorder,C0030319,panic disorder,0.9921966791152954,17.0,146,30626,32637
6382839,panic disorder,C0024713,manic disorder,0.836835503578186,17.0,146,30626,32637
6382839,panic disorder,C0012634,disorder,0.7802134156227112,17.0,146,30626,32637
6382839,panic disorder,C0040188,Tic disorder,0.7476732134819031,17.0,146,30626,32637
6382839,panic disorder,C2169806,Tic disorder,0.7476732134819031,17.0,146,30626,32637
6389716,Parkinson’s disease,C0030567,Parkinson`s disease,0.9714372158050537,42.0,227,8216,9580
6389716,Parkinson’s disease,C1847640,Parkinson disease 9,0.9034284353256226,42.0,227,8216,9580
6389716,Parkinson’s disease,C0242422,Parkinsonian disease,0.8788676857948303,42.0,227,8216,9580
6389716,Parkinson’s disease,C1311470,Parkinson Disease Protein 2,0.8500699996948242,42.0,227,8216,9580
6412974,juvenile myoclonic epilepsy,C0270853,Juvenile myoclonic epilepsy,0.9810349345207214,18.0,346,9389,12145
6412974,juvenile myoclonic epilepsy,C0014550,MYOCLONIC EPILEPSY,0.8283182382583618,18.0,346,9389,12145
6457314,ulcerative colitis,C0009324,Ulcerative Colitis,0.9720373153686523,41.0,273,5613,7441
6457314,ulcerative colitis,C4053902,Ulcerative Colitis Flare,0.8466690182685852,41.0,273,5613,7441
6509414,experienced hearing aid users,C0018768,hearing aid,0.6002880930900574,13.0,328,8835,10592
6509414,experienced hearing aid users,C0181134,Hearing Aid Testers,0.5838608741760254,13.0,328,8835,10592
6509414,experienced hearing aid users,C0542459,Aid to hearing,0.5632203221321106,13.0,328,8835,10592
6509414,experienced hearing aid users,C0596545,experience,0.5485079884529114,13.0,328,8835,10592
6509414,experienced hearing aid users,C0567452,Hearing Aid Care,0.526470959186554,13.0,328,8835,10592
6509414,inexperienced hearing aid users,C0018768,hearing aid,0.5784521698951721,14.0,329,8835,10592
6509414,inexperienced hearing aid users,C0181134,Hearing Aid Testers,0.5626224875450134,14.0,329,8835,10592
6509414,inexperienced hearing aid users,C0542459,Aid to hearing,0.5427326560020447,14.0,329,8835,10592
6509414,inexperienced hearing aid users,C0567452,Hearing Aid Care,0.5073201656341553,14.0,329,8835,10592
6585311,chronic post-stroke hemiparesis,C0018989,HEMIPARESIS,0.6012595891952515,10.0,264,8877,12685
6585311,chronic post-stroke hemiparesis,C0154694,Spastic hemiparesis,0.5272939205169678,10.0,264,8877,12685
6611425,schizophrenia,C0036341,schizophrenia,0.9816023111343384,151.0,324,12727,16419
6611425,schizophrenia,C0220702,SCHIZOPHRENIA 1,0.9540121555328369,151.0,324,12727,16419
6667657,problematic tinnitus,C0040264,TINNITUS,0.630021333694458,12.0,145,7425,9782
6667657,problematic tinnitus,C0033213,problem,0.5005834698677063,12.0,145,7425,9782
6675526,Idiopathic Parkinson’s disease,C0030567,idiopathic parkinson disease,0.9723301529884338,50.0,211,4609,5604
6675526,Idiopathic Parkinson’s disease,C1847640,Parkinson disease 9,0.6997926235198975,50.0,211,4609,5604
6678781,non-convicted child sexual offenders,C0699726,Offenders,0.5096541047096252,23.0,351,16665,20137
6678781,convicted child sexual offenders,C0699726,Offenders,0.5436676144599915,38.0,352,16665,20137
6678781,convicted child sexual offenders,C0036888,Sexual offence,0.5197734832763672,38.0,352,16665,20137
6678781,convicted child sexual offenders,C0008062,of child sexual abuse,0.5105741620063782,38.0,352,16665,20137
6820536,fibromyalgia,C0016053,fibromyalgia,0.9703152775764465,20.0,159,5393,6615
6854061,panic disorder and agoraphobia,C0236800,panic disorder agoraphobia,0.9189702272415161,62.0,341,8526,10737
6854061,panic disorder and agoraphobia,C0236794,Panic Disorder without Agoraphobia,0.7990701794624329,62.0,341,8526,10737
6854061,panic disorder and agoraphobia,C0236800,panic disorder agoraphobia,0.9189702272415161,60.0,343,8526,10737
6854061,panic disorder and agoraphobia,C0236794,Panic Disorder without Agoraphobia,0.7990701794624329,60.0,343,8526,10737
6878729,right-sided cerebral palsy,C0007789,CEREBRAL PALSY,0.7035267949104309,8.0,196,7912,9122
6878729,right-sided cerebral palsy,C0444532,Right-sided,0.6418331265449524,8.0,196,7912,9122
6878729,right-sided cerebral palsy,C3838784,Bilateral cerebral palsy,0.6380323767662048,8.0,196,7912,9122
6878729,right-sided cerebral palsy,C0394007,Atonic Cerebral Palsy,0.6144723296165466,8.0,196,7912,9122
6878729,right-sided cerebral palsy,C0338596,Spastic cerebral palsy,0.6071489453315735,8.0,196,7912,9122
6902076,Dementia with Lewy bodies,C0752347,Dementia with Lewy Bodies,0.9271519780158997,17.0,197,6917,8222
6902076,Dementia with Lewy bodies,C0085200,Lewy bodies,0.6206755042076111,17.0,197,6917,8222
6902076,Dementia with Lewy bodies,C0011265,dementia,0.5850844383239746,17.0,197,6917,8222
6902076,Dementia with Lewy bodies,C0497327,dementia,0.5850844383239746,17.0,197,6917,8222
6908505,bipolar disorder,C0005586,Bipolar disorder,0.9751492738723755,70.0,148,7076,8109
6908505,bipolar disorder,C0024713,bipolar disorder manic,0.8665149807929993,70.0,148,7076,8109
7038454,at risk for substance use,C0237123,Substance Use,0.7495825290679932,104.0,82,6792,9449
7038454,at risk for substance use,C2827006,Substance Use Dose Form,0.6840000152587891,104.0,82,6792,9449
7038454,at risk for substance use,C0338666,substance user,0.6769975423812866,104.0,82,6792,9449
7038454,at risk for substance use,C2827005,Substance Use Dose,0.6661558747291565,104.0,82,6792,9449
7038454,at risk for substance use,C0439861,Substance,0.6521198749542236,104.0,82,6792,9449
7082218,mood and/or anxiety disorder,C0003469,Anxiety Disorder,0.7404535412788391,223.0,256,14245,17478
7082218,mood and/or anxiety disorder,C0236748,Anxiety disorder due to medical disorder,0.6689839959144592,223.0,256,14245,17478
7082218,mood and/or anxiety disorder,C0525045,Mood disorder,0.6491849422454834,223.0,256,14245,17478
7082218,mood and/or anxiety disorder,C0031572,Social Anxiety Disorder,0.6462537050247192,223.0,256,14245,17478
7082218,mood and/or anxiety disorder,C3887605,Dream anxiety disorder (disorder),0.6386749148368835,223.0,256,14245,17478
7090024,subjective cognitive decline,C0234985,Cognitive decline,0.783292829990387,35.0,225,5511,6530
7090024,subjective cognitive decline,C0338656,Cognitive decline,0.783292829990387,35.0,225,5511,6530
7090024,subjective cognitive decline,C4721773,Postoperative Cognitive Decline,0.7511714100837708,35.0,225,5511,6530
7090024,subjective cognitive decline,C0439655,Subjective,0.6705393195152283,35.0,225,5511,6530
7090024,subjective cognitive decline,C1516691,Cognitive,0.6491180062294006,35.0,225,5511,6530
7118554,major depressive disorder,C0041696,Major Depressive Disorder,0.966160774230957,43.0,88,8471,10050
7118554,major depressive disorder,C1269683,Major Depressive Disorder,0.966160774230957,43.0,88,8471,10050
7118554,major depressive disorder,C0011581,depressive disorder,0.8692560791969299,43.0,88,8471,10050
7118554,major depressive disorder,C0005586,Manic Depressive Disorder,0.8231246471405029,43.0,88,8471,10050
7118554,major depressive disorder,C0024517,Single Episode of Major Depressive Disorder,0.7714975476264954,43.0,88,8471,10050
7194032,Autism spectrum disorder,C0524528,Autism spectrum disorder,0.9845767617225647,26.0,99,9309,10707
7194032,Autism spectrum disorder,C1510586,Autism spectrum disorder,0.9845767617225647,26.0,99,9309,10707
7194032,Autism spectrum disorder,C0004352,Autism disorder,0.7902024388313293,26.0,99,9309,10707
7194032,Autism spectrum disorder,C4286238,Autism Spectrum Disorder Gene Panel Reagents,0.7291615009307861,26.0,99,9309,10707
7194032,Autism spectrum disorder,C4286239,Autism Spectrum Disorder Gene Mutation Reagents,0.721701443195343,26.0,99,9309,10707
7272423,"normal pregnancies, uncomplicated term vaginal or Caesarean deliveries, and healthy babies",C0032962,complicated pregnancies,0.510493278503418,24.0,68,23741,25117
7275001,lung cancer,C0242379,Lung cancer,0.977493166923523,18.0,101,8631,10461
7275001,lung cancer,C0684249,Lung Cancer,0.977493166923523,18.0,101,8631,10461
7275001,lung cancer,C1306460,Lung cancer,0.977493166923523,18.0,101,8631,10461
7275001,lung cancer,C1881483,pTis Lung Cancer,0.8167136311531067,18.0,101,8631,10461
7275001,lung cancer,C0006826,Cancer,0.7680030465126038,18.0,101,8631,10461
7416060,chronic cannabis use,C0024808,cannabis,0.6504876017570496,54.0,259,8377,10336
7416060,chronic cannabis use,C0024809,Cannabis,0.6504876017570496,54.0,259,8377,10336
7416060,chronic cannabis use,C0936079,cannabis,0.6504876017570496,54.0,259,8377,10336
7416060,chronic cannabis use,C5419030,Cannabis Use Disorder,0.63591468334198,54.0,259,8377,10336
7416060,chronic cannabis use,C0205191,chronic,0.6185813546180725,54.0,259,8377,10336
7485713,multiple system atrophy c-type,C0393571,Multiple system atrophy,0.8724142909049988,24.0,347,27477,29306
7485713,multiple system atrophy c-type,C5554234,"Multiple system atrophy, cerebellar type",0.7130244374275208,24.0,347,27477,29306
7485713,multiple system atrophy c-type,C5554235,"Multiple system atrophy, parkinsonian type",0.6756900548934937,24.0,347,27477,29306
7485713,multiple system atrophy c-type,C0026766,Multiple System Failure,0.5553529858589172,24.0,347,27477,29306
7485713,multiple system atrophy c-type,C0439064,Multiple,0.5379696488380432,24.0,347,27477,29306
7493988,Essential Tremor,C0270736,essential tremor,0.9826844930648804,10.0,321,43154,44585
7493988,Essential Tremor,C0205224,essential,0.7556995153427124,10.0,321,43154,44585
7518235,FD-PDS-Major Depressive Disorder,C0041696,Major Depressive Disorder,0.8150322437286377,24.0,213,18065,18709
7518235,FD-PDS-Major Depressive Disorder,C1269683,Major Depressive Disorder,0.8150322437286377,24.0,213,18065,18709
7518235,FD-PDS-Major Depressive Disorder,C0011581,depressive disorder,0.7611162662506104,24.0,213,18065,18709
7518235,FD-PDS-Major Depressive Disorder,C0005586,Manic Depressive Disorder,0.6863124370574951,24.0,213,18065,18709
7539836,mild traumatic brain injury,C0006107,Mild traumatic brain injury,0.970161497592926,53.0,266,6826,8200
7539836,mild traumatic brain injury,C3508472,Mild Traumatic Brain Injury,0.970161497592926,53.0,266,6826,8200
7539836,mild traumatic brain injury,C0876926,Traumatic Brain Injury,0.882588267326355,53.0,266,6826,8200
7539836,mild traumatic brain injury,C0043251,injury traumatic,0.7611843943595886,53.0,266,6826,8200
7539836,mild traumatic brain injury,C3263723,TRAUMATIC INJURY,0.7611843943595886,53.0,266,6826,8200
7721229,schizophrenia,C0036341,schizophrenia,0.9816023111343384,151.0,270,10065,13228
7721229,schizophrenia,C0220702,SCHIZOPHRENIA 1,0.9540121555328369,151.0,270,10065,13228
7721229,autism spectrum disorder,C0524528,Autism spectrum disorder,0.9845767617225647,255.0,272,10065,13228
7721229,autism spectrum disorder,C1510586,Autism spectrum disorder,0.9845767617225647,255.0,272,10065,13228
7721229,autism spectrum disorder,C0004352,Autism disorder,0.7902024388313293,255.0,272,10065,13228
7721229,autism spectrum disorder,C4286238,Autism Spectrum Disorder Gene Panel Reagents,0.7291615009307861,255.0,272,10065,13228
7721229,autism spectrum disorder,C4286239,Autism Spectrum Disorder Gene Mutation Reagents,0.721701443195343,255.0,272,10065,13228
7829678,Type 2 diabetes mellitus,C0011860,Type 2 diabetes mellitus,0.9807969927787781,53.0,199,7017,9210
7829678,Type 2 diabetes mellitus,C1832544,TYPE 2 DIABETES MELLITUS 1,0.9603114724159241,53.0,199,7017,9210
7829678,Type 2 diabetes mellitus,C1852092,TYPE 1 DIABETES MELLITUS 2,0.9603114724159241,53.0,199,7017,9210
7829678,Type 2 diabetes mellitus,C1832387,TYPE 2 DIABETES MELLITUS 2,0.9554135203361511,53.0,199,7017,9210
7829678,Type 2 diabetes mellitus,C0011854,diabetes mellitus type 1,0.9352037906646729,53.0,199,7017,9210
7829678,Type 2 diabetes mellitus-CI,C0011860,Type 2 diabetes mellitus,0.8919955492019653,22.0,201,7017,9210
7829678,Type 2 diabetes mellitus-CI,C0011854,diabetes mellitus type 1,0.849189281463623,22.0,201,7017,9210
7829678,Type 2 diabetes mellitus-NC,C0011860,Type 2 diabetes mellitus,0.8919955492019653,31.0,202,7017,9210
7829678,Type 2 diabetes mellitus-NC,C0011854,diabetes mellitus type 1,0.8491893410682678,31.0,202,7017,9210
7836234,mesial temporal lobe epilepsy,C0014556,temporal lobe epilepsy,0.8508138060569763,19.0,294,7759,9900
7836234,mesial temporal lobe epilepsy,C4749273,Benign familial mesial temporal lobe epilepsy,0.8197827339172363,19.0,294,7759,9900
7836234,mesial temporal lobe epilepsy,C1842564,Familial temporal lobe epilepsy,0.8057664632797241,19.0,294,7759,9900
7836234,mesial temporal lobe epilepsy,C4551957,"Epilepsy, Familial Temporal Lobe 1",0.7195398807525635,19.0,294,7759,9900
7836234,mesial temporal lobe epilepsy,C4749367,Mesial temporal lobe epilepsy with hippocampal sclerosis,0.713108241558075,19.0,294,7759,9900
7838677,amnestic mild cognitive impairment/mild Alzheimer's dementia,C1270972,Mild cognitive impairment,0.6789225935935974,17.0,182,6036,9501
7838677,amnestic mild cognitive impairment/mild Alzheimer's dementia,C3827035,Alzheimer's Disease Cooperative Study-Activities of Daily Living Inventory Mild Cognitive Impairment Questionnaire,0.5566655397415161,17.0,182,6036,9501
7838677,amnestic mild cognitive impairment/mild Alzheimer's dementia,C3829835,"Has Alzheimer's, Dementia from any Etiology or any Serious Cognitive Impairment",0.5521341562271118,17.0,182,6036,9501
7838677,amnestic mild cognitive impairment/mild Alzheimer's dementia,C0338656,cognitive impairment,0.5415604114532471,17.0,182,6036,9501
7838677,amnestic mild cognitive impairment/mild Alzheimer's dementia,C0002395,Alzheimer's Dementia,0.5399675965309143,17.0,182,6036,9501
7851842,schizophrenia or schizoaffective disorder,C0036337,Schizoaffective schizophrenia (disorder),0.8981538414955139,17.0,185,9615,11713
7851842,schizophrenia or schizoaffective disorder,C0036341,disorder schizophrenia,0.8191381692886353,17.0,185,9615,11713
7851842,schizophrenia or schizoaffective disorder,C1419374,schizophrenia disorder 9,0.778577983379364,17.0,185,9615,11713
7875881,major depressive disorder,C0041696,Major Depressive Disorder,0.966160774230957,19.0,245,7093,8833
7875881,major depressive disorder,C1269683,Major Depressive Disorder,0.966160774230957,19.0,245,7093,8833
7875881,major depressive disorder,C0011581,depressive disorder,0.8692560791969299,19.0,245,7093,8833
7875881,major depressive disorder,C0005586,Manic Depressive Disorder,0.8231246471405029,19.0,245,7093,8833
7875881,major depressive disorder,C0024517,Single Episode of Major Depressive Disorder,0.7714975476264954,19.0,245,7093,8833
8154462,right middle cerebral artery territory infarction,C0740392,Middle Cerebral Artery Infarction,0.7949413061141968,13.0,277,4472,5608
8154462,right middle cerebral artery territory infarction,C0149566,Middle Cerebral Artery,0.6741341352462769,13.0,277,4472,5608
8154462,right middle cerebral artery territory infarction,C0751843,Anterior Cerebral Artery Infarction,0.6727545261383057,13.0,277,4472,5608
8154462,right middle cerebral artery territory infarction,C0752132,Posterior Cerebral Artery Infarction,0.6583283543586731,13.0,277,4472,5608
8172304,chronic urticaria,C0263338,chronic urticaria,0.9837539792060852,32.0,132,6637,7668
8172304,chronic urticaria,C0578870,Chronic Spontaneous Urticaria,0.7779648303985596,32.0,132,6637,7668
8172304,chronic urticaria,C0042109,urticaria,0.7333112359046936,32.0,132,6637,7668
8172304,chronic urticaria,C5197720,Chronic Inducible Urticaria,0.7257519960403442,32.0,132,6637,7668
8213933,autism spectrum disorder,C0524528,Autism spectrum disorder,0.9845767617225647,28.0,279,13173,14739
8213933,autism spectrum disorder,C1510586,Autism spectrum disorder,0.9845767617225647,28.0,279,13173,14739
8213933,autism spectrum disorder,C0004352,Autism disorder,0.7902024388313293,28.0,279,13173,14739
8213933,autism spectrum disorder,C4286238,Autism Spectrum Disorder Gene Panel Reagents,0.7291615009307861,28.0,279,13173,14739
8213933,autism spectrum disorder,C4286239,Autism Spectrum Disorder Gene Mutation Reagents,0.721701443195343,28.0,279,13173,14739
8315277,mild White matter hyperintensities,C2938912,White matter hyperintensities,0.9125041365623474,39.0,233,7581,10145
8315277,mild White matter hyperintensities,C4293686,Periventricular white matter hyperintensities,0.775628924369812,39.0,233,7581,10145
8315277,mild White matter hyperintensities,C4293685,Deep cerebral white matter hyperintensities,0.7386987209320068,39.0,233,7581,10145
8315277,mild White matter hyperintensities,C4020908,White matter hypointensities on MRI,0.6932092905044556,39.0,233,7581,10145
8315277,mild White matter hyperintensities,C1856979,Deep white matter hypodensities,0.6305609941482544,39.0,233,7581,10145
8315277,moderate White matter hyperintensities,C2938912,White matter hyperintensities,0.8605318665504456,37.0,234,7581,10145
8315277,moderate White matter hyperintensities,C4293686,Periventricular white matter hyperintensities,0.7303086519241333,37.0,234,7581,10145
8315277,moderate White matter hyperintensities,C4293685,Deep cerebral white matter hyperintensities,0.6966261863708496,37.0,234,7581,10145
8315277,moderate White matter hyperintensities,C4020908,White matter hypointensities on MRI,0.6565334796905518,37.0,234,7581,10145
8315277,moderate White matter hyperintensities,C1856979,Deep white matter hypodensities,0.6298529505729675,37.0,234,7581,10145
8315277,severe White matter hyperintensities,C2938912,White matter hyperintensities,0.8844204545021057,28.0,235,7581,10145
8315277,severe White matter hyperintensities,C4293686,Periventricular white matter hyperintensities,0.7517576217651367,28.0,235,7581,10145
8315277,severe White matter hyperintensities,C4293685,Deep cerebral white matter hyperintensities,0.7432485222816467,28.0,235,7581,10145
8315277,severe White matter hyperintensities,C4020908,White matter hypointensities on MRI,0.6718746423721313,28.0,235,7581,10145
8315277,severe White matter hyperintensities,C1856979,Deep white matter hypodensities,0.6111544966697693,28.0,235,7581,10145
8459240,Cocaine Users,C0239076,cocaine users,0.9777272939682007,54.0,193,7650,8658
8459240,Cocaine Users,C0009170,Cocaine,0.7378672361373901,54.0,193,7650,8658
8459240,Cocaine Users,C1706077,Users,0.6423048377037048,54.0,193,7650,8658
8459240,Cocaine Users,C4763868,Cocaine Use Disorder,0.6412153244018555,54.0,193,7650,8658
8459240,Cocaine Users,C0009169,cocaine plant,0.5894474387168884,54.0,193,7650,8658
8544331,neovascular age-related macular degeneration,C0271084,Neovascular age-related macular degeneration,0.9662023186683655,18.0,319,16185,17940
8544331,neovascular age-related macular degeneration,C0242383,age-related macular degeneration,0.842440664768219,18.0,319,16185,17940
8544331,neovascular age-related macular degeneration,C1853147,Age-Related Macular Degeneration-4,0.7554969191551208,18.0,319,16185,17940
8550949,drug-nave/free first episode psychosis,C4085940,Age at First Episode,0.505313515663147,31.0,65,5892,6567
8569140,hemifacial spasm,C0278152,Hemifacial spasm,0.9578537940979004,30.0,251,6781,8456
8569140,hemifacial spasm,C1841639,Hemifacial spasm,0.9578537940979004,30.0,251,6781,8456
8569140,hemifacial spasm,C0278151,FACIAL SPASM,0.7574896812438965,30.0,251,6781,8456
8569140,hemifacial spasm,C0015458,Hemifacial Atrophy,0.6245697140693665,30.0,251,6781,8456
8782893,attention/deficit hyperactivity disorder,C1263846,Attention Deficit Hyperactivity Disorder,0.9279094338417053,167.0,303,7940,10880
8782893,attention/deficit hyperactivity disorder,C0339002,Attention deficit disorder without hyperactivity,0.8315789699554443,167.0,303,7940,10880
8785646,posttraumatic stress disorder,C0038436,Posttraumatic Stress Disorder,0.956368088722229,14.0,296,15850,19588
8785646,posttraumatic stress disorder,C0038441,Traumatic Stress Disorder,0.866463840007782,14.0,296,15850,19588
8785646,posttraumatic stress disorder,C0236816,acute traumatic stress disorder,0.7808260321617126,14.0,296,15850,19588
8883821,schizophrenia,C0036341,schizophrenia,0.9816023111343384,28.0,165,7464,8764
8883821,schizophrenia,C0220702,SCHIZOPHRENIA 1,0.9540121555328369,28.0,165,7464,8764
8883821,autism spectrum disorder,C0524528,Autism spectrum disorder,0.9845767617225647,20.0,166,7464,8764
8883821,autism spectrum disorder,C1510586,Autism spectrum disorder,0.9845767617225647,20.0,166,7464,8764
8883821,autism spectrum disorder,C0004352,Autism disorder,0.7902024388313293,20.0,166,7464,8764
8883821,autism spectrum disorder,C4286238,Autism Spectrum Disorder Gene Panel Reagents,0.7291615009307861,20.0,166,7464,8764
8883821,autism spectrum disorder,C4286239,Autism Spectrum Disorder Gene Mutation Reagents,0.721701443195343,20.0,166,7464,8764
8933317,unilateral hippocampal sclerosis,C1504404,Hippocampal Sclerosis,0.7912737727165222,66.0,285,8349,9763
8933317,unilateral hippocampal sclerosis,C0154682,lateral sclerosis,0.6748754978179932,66.0,285,8349,9763
8933317,unilateral hippocampal sclerosis,C0019564,Hippocampal,0.5973027944564819,66.0,285,8349,9763
8933317,unilateral hippocampal sclerosis,C0221065,POSTEROLATERAL SCLEROSIS,0.5853077173233032,66.0,285,8349,9763
8933317,unilateral hippocampal sclerosis,C4749367,Mesial temporal lobe epilepsy with hippocampal sclerosis,0.580766499042511,66.0,285,8349,9763
8939409,internet addiction,C5392078,Internet Addiction,0.9517041444778442,24.0,191,8544,9896
8939409,internet addiction,C0085281,Addiction,0.6845893859863281,24.0,191,8544,9896
8939409,internet addiction,C3898714,Internet Intervention,0.6720983982086182,24.0,191,8544,9896
8939409,internet addiction,C0282111,internet,0.6623272895812988,24.0,191,8544,9896
8939409,internet addiction,C4505067,Addiction medicine,0.5753015279769897,24.0,191,8544,9896
8978988,GNE myopathy,C1853926,GNE myopathy,0.974759578704834,1.0,306,10738,12684
8978988,GNE myopathy,C0026848,MYOPATHY,0.8429465889930725,1.0,306,10738,12684
8978988,GNE myopathy,C3711389,Actin myopathy,0.7457786798477173,1.0,306,10738,12684
8978988,GNE myopathy,C0206157,Rod myopathy,0.7304072380065918,1.0,306,10738,12684
8978988,GNE myopathy,C3710589,Cap myopathy,0.7261106371879578,1.0,306,10738,12684
9057100,schizophrenia,C0036341,schizophrenia,0.9816023111343384,151.0,380,12793,13992
9057100,schizophrenia,C0220702,SCHIZOPHRENIA 1,0.9540121555328369,151.0,380,12793,13992
9205431,APOE-4 carriers,C0007294,carriers,0.746549665927887,38.0,315,45406,48741
9205431,APOE-4 carriers,C3888060,Carriers,0.746549665927887,38.0,315,45406,48741
9205431,APOE-4 carriers,C1736727,Dental Carriers,0.6290247440338135,38.0,315,45406,48741
9205431,APOE-4 carriers,C0560175,Carrier,0.6239330768585205,38.0,315,45406,48741
9205431,APOE-4 carriers,C1325398,carrier,0.6239330768585205,38.0,315,45406,48741
9308181,tuberous sclerosis complex,C0041341,tuberous sclerosis complex,0.9868051409721375,173.0,377,5201,8942
9308181,tuberous sclerosis complex,C2247022,tuberous sclerosis complex,0.9868051409721375,173.0,377,5201,8942
9308181,tuberous sclerosis complex,C4317139,tuberous sclerosis complex 1 protein,0.9075822234153748,173.0,377,5201,8942
9308181,tuberous sclerosis complex,C0291147,Tuberous Sclerosis Complex 2 Protein,0.9033961892127991,173.0,377,5201,8942
9308181,tuberous sclerosis complex,C0694894,tuberous sclerosis 1,0.8218972682952881,173.0,377,5201,8942
9407088,autism spectrum disorder,C0524528,Autism spectrum disorder,0.9845767617225647,539.0,389,29835,31900
9407088,autism spectrum disorder,C1510586,Autism spectrum disorder,0.9845767617225647,539.0,389,29835,31900
9407088,autism spectrum disorder,C0004352,Autism disorder,0.7902024388313293,539.0,389,29835,31900
9407088,autism spectrum disorder,C4286238,Autism Spectrum Disorder Gene Panel Reagents,0.7291615009307861,539.0,389,29835,31900
9407088,autism spectrum disorder,C4286239,Autism Spectrum Disorder Gene Mutation Reagents,0.721701443195343,539.0,389,29835,31900
9407088,autism spectrum disorder,C0524528,Autism spectrum disorder,0.9845767617225647,521.0,390,29835,31900
9407088,autism spectrum disorder,C1510586,Autism spectrum disorder,0.9845767617225647,521.0,390,29835,31900
9407088,autism spectrum disorder,C0004352,Autism disorder,0.7902024388313293,521.0,390,29835,31900
9407088,autism spectrum disorder,C4286238,Autism Spectrum Disorder Gene Panel Reagents,0.7291615009307861,521.0,390,29835,31900
9407088,autism spectrum disorder,C4286239,Autism Spectrum Disorder Gene Mutation Reagents,0.721701443195343,521.0,390,29835,31900
9461104,Pontocerebellar hypoplasia,C0266468,Pontocerebellar Hypoplasia,0.9851983785629272,6.0,385,8676,10310
9461104,Pontocerebellar hypoplasia,C1261175,Pontocerebellar hypoplasia,0.9851983785629272,6.0,385,8676,10310
9461104,Pontocerebellar hypoplasia,C5442006,Pontocerebellar hypoplasia type 1,0.8980754613876343,6.0,385,8676,10310
9461104,Pontocerebellar hypoplasia,C2932714,Pontocerebellar Hypoplasia Type 2,0.8942810297012329,6.0,385,8676,10310
9461104,Pontocerebellar hypoplasia,C1842687,Pontocerebellar hypoplasia type 3,0.8912703990936279,6.0,385,8676,10310
