count,diagnosis,group_name,subgroup_name,male count,female count,age mean,age range,age minimum,age maximum,age median,pmcid,rank,start_char,end_char
15.0,,healthy,adult volunteers,5.0,10.0,31.6,22-54,22.0,54.0,,7981326,,9579,10553
23.0,,healthy,,18.0,5.0,222.0,,,,,4330553,,10707,11145
16.0,,healthy,,9.0,7.0,,1835 years old,,,,3183226,,28053,28467
15.0,,healthy,,8.0,7.0,22.21,,,,,6195265,,13097,13950
45.0,healthy,participants,,18.0,27.0,24.49,2.70 years,,,,5428836,,26550,27302
12.0,,healthy,,,,26.0,23-39,23.0,39.0,,3422286,,8558,9073
14.0,,healthy,,,,23.0,24-30,24.0,30.0,,3422286,,8558,9073
77.0,,healthy,,24.0,24.0,26.4,4.9,,,,2993660,,19298,19503
23.0,,healthy,,11.0,12.0,24.2,18 and 31,18.0,31.0,,4436102,,11102,11949
20.0,,healthy,,10.0,10.0,31.5,30.3-34.3,30.3,34.3,,6726765,,7719,8450
15.0,healthy,undergraduate students,,10.0,5.0,,20-22 years,,,,6989437,,9041,9577
40.0,,healthy,,32.0,8.0,20.5,18-28,18.0,28.0,,3605341,,12059,12659
10.0,,healthy,,4.0,6.0,20.8,,,,,6528067,,11679,12501
20.0,,healthy,,12.0,8.0,24.4,19-35,19.0,35.0,,3147157,,7853,8437
51.0,Behavioral,adults,,10.0,41.0,43.71,27.49-55.91,27.49,55.91,,6664004,,9809,11672
53.0,Behavioral,adolescents,,26.0,27.0,13.37,12.18-14.82,12.18,14.82,,6664004,,9809,11672
51.0,fMRI,adolescents,,26.0,25.0,13.98,12.03-15.94,12.03,15.94,,6664004,,9809,11672
20.0,healthy,students,undergraduate and postgraduate,10.0,10.0,22.3,19-28,19.0,28.0,,7002496,,9427,10109
20.0,,healthy,,,,,,,,,7339141,,6763,7761
22.0,healthy,participants,,,,,,,,,4349631,,5763,6450
16.0,healthy,participants,,,,,,,,,4349631,,5763,6450
33.0,healthy,volunteers,right-handed,17.0,16.0,25.3,2.8,,,,3676955,,3877,4423
18.0,,healthy,,9.0,9.0,32.0,20-32,20.0,32.0,26.0,4318429,,6580,6988
70.0,,healthy,adolescents,25.0,45.0,13.82,12-14,12.0,14.0,13.0,7057279,,6753,7414
40.0,,healthy,,20.0,20.0,20.0,18-23 yrs,18.0,23.0,20.0,4370584,,11424,11801
11.0,,healthy,,8.0,3.0,33.1,25-47 years,25.0,47.0,,6328158,,9509,10064
12.0,,healthy,,12.0,0.0,31.0,,,,,3258233,,6311,6921
33.0,,healthy,,,,,,,,,7156375,,46685,47319
15.0,,healthy,,8.0,7.0,,,,,,2390848,,22735,23247
23.0,,healthy,,,,,,,,,2144768,,59146,59841
18.0,healthy,volunteers,,,,,19-35,19.0,35.0,,2144768,,59146,59841
14.0,,healthy,,5.0,9.0,27.0,7 years,27.0,34.0,27.0,6198067,,8869,9939
43.0,,healthy,,10.0,21.0,24.3,20-29,20.0,29.0,,6847157,,10334,11086
23.0,community-dwelling young men,patients,community-dwelling young men,23.0,0.0,29.9,29.9-29.9,29.9,29.9,29.9,9548384,,4925,6082
27.0,,healthy,,,,,,,,,7456884,,7752,8584
17.0,,healthy,,5.0,12.0,24.0,18-31,18.0,31.0,,5902547,,15536,16064
15.0,,healthy,male,15.0,0.0,22.33,,,,,4838249,,6364,7265
29.0,,healthy,,,,,,,,,6868994,,7334,7745
16.0,,healthy,,8.0,8.0,25.6,22-30,22.0,30.0,,3889700,,16355,17140
872.0,healthy,patients,females,546.0,872.0,22.39,18-35,18.0,35.0,,9564100,,24189,25345
61.0,,healthy,White male,61.0,0.0,24.255,18-35,18.0,35.0,,6434022,,30465,32004
24.0,,healthy,female,0.0,24.0,24.0,20-30 years,20.0,30.0,,3965851,,13949,14774
18.0,,healthy,female,0.0,18.0,24.0,20-30 years,20.0,30.0,,3965851,,13949,14774
13.0,DCG,patients,,5.0,8.0,23.1,SD,3.0,,,4034409,,13409,14663
13.0,TCG,patients,,4.0,9.0,23.5,SD,2.5,,,4034409,,13409,14663
31.0,,healthy,,16.0,15.0,,18-22,18.0,22.0,,3539852,,18645,19836
42.0,,healthy,male,42.0,0.0,23.86,19-32,19.0,32.0,23.86,4380440,,10534,11508
40.0,,healthy,older adult,24.0,16.0,68.4,5.8 years,,,,5717028,,6784,7467
10.0,healthy,participants,right-handed,9.0,3.0,26.6,2.7 years,,,,8893203,,8471,9034
12.0,,healthy,,6.0,6.0,25.4,20-40,20.0,40.0,,2151069,,9653,9985
34.0,healthy,students,right-handed,19.0,15.0,20.0,18-25 years,18.0,25.0,19.0,6908964,,11176,11873
46.0,healthy,patients,behavioral study,23.0,23.0,23.65,18-30,18.0,30.0,23.0,3672681,,13846,15500
32.0,healthy,patients,fMRI study,16.0,16.0,23.0,19-30,19.0,30.0,23.0,3672681,,13846,15500
58.0,,healthy,,26.0,32.0,24.02,,,,,3492343,,6544,7179
25.0,normal or corrected-to-normal vision,volunteers,right-handed female,0.0,25.0,21.04,1.59 (SD) years,,,,4975394,,6805,7868
20.0,,healthy,,16.0,4.0,26.0,20-36,20.0,36.0,25.0,4717328,,6158,6634
10.0,,healthy,,5.0,5.0,29.5,23-43,23.0,43.0,29.5,3407245,,19626,20086
20.0,,healthy,male,20.0,0.0,23.9,18-33,18.0,33.0,,4255751,,5627,6165
38.0,healthy,adults,childless,19.0,19.0,24.08,3.33,19.0,29.0,24.0,7395771,,8721,10120
18.0,,healthy,,10.0,8.0,25.0,22-29,22.0,29.0,,4493392,,8993,9484
36.0,,healthy,,,,,,,,,7779563,,11922,13361
74.0,,healthy,adolescents,,,,,,,,8379626,,7716,9834
67.0,,healthy,,31.0,36.0,15.6,,,,,8379626,,7716,9834
35.0,,healthy,,,,,,,,,5447679,,9581,10407
146.0,,healthy,,72.0,62.0,5.34,5.08-5.22,5.08,5.22,,9108497,,9500,12550
26.0,typically developing,children and adolescents,Caucasian,17.0,9.0,11.42,8-16,8.0,16.0,,7005761,,7835,9334
34.0,neurologically healthy,participants,,,,24.9,20-38 years,20.0,38.0,,6646524,,12647,13860
13.0,,healthy,,,,28.4,19-45,19.0,45.0,,7430162,,7494,8254
110.0,multi-problem young adults,patients,male,110.0,0.0,,,,,,6004505,,7938,9518
25.0,,healthy,,,,,,,,,6004505,,7938,9518
20.0,,healthy,,1.0,19.0,21.4,18-31 years,18.0,31.0,,6136263,,16503,17874
18.0,,healthy,,13.0,9.0,26.7,18-60,18.0,60.0,22.5,2775905,,7644,8859
45.0,smokers,patients,,,,,,,,,3511796,,3425,5707
44.0,,healthy,,,,,,,,,3511796,,3425,5707
31.0,drug-nave/free first episode psychosis (FEP),patients,,26.0,5.0,26.64,,,,,8550949,,5892,6567
35.0,,healthy,,26.0,9.0,27.12,,,,,8550949,,5892,6567
16.0,healthy,participants,right-handed,10.0,6.0,30.1,18-40,18.0,40.0,,4072722,,12442,12867
25.0,postpartum,patients,females,0.0,25.0,,,,,,7272423,,23741,25117
32.0,,healthy,women,0.0,32.0,,,,,,7272423,,23741,25117
54.0,,healthy,female,0.0,54.0,19.62,,,,,5548834,,7835,9127
272.0,healthy,participants,,123.0,149.0,24.5,18-68 years,18.0,68.0,,4115625,,8650,9157
18.0,,healthy,,8.0,10.0,22.5,,,,,6344389,,14874,15604
19.0,,healthy,,10.0,9.0,22.8,19-31 years,19.0,31.0,,3869649,,5579,6473
20.0,,healthy,right-handed,10.0,10.0,30.0,20-40,20.0,40.0,30.0,4477935,,7547,7912
26.0,,healthy,,12.0,14.0,23.04,18-35,18.0,35.0,,6697392,,7141,11005
10.0,,healthy,,7.0,3.0,27.72,5.99 years,,,,4029023,,7975,8487
17.0,,healthy,male,17.0,0.0,23.8,20-30,20.0,30.0,23.8,3866656,,9829,10487
20.0,,healthy,,9.0,11.0,26.0,21-31,21.0,31.0,26.0,8837589,,7291,8667
22.0,,healthy,,11.0,11.0,23.33,46sd,23.33,46.0,,6215330,,17562,19091
24.0,,healthy,,,,,,,,,6215330,,17562,19091
10.0,,healthy,,5.0,5.0,,,,,,6215330,,17562,19091
14.0,,healthy,,7.0,7.0,25.07,6.53sd,25.07,6.53,,6215330,,17562,19091
21.0,,healthy,,9.0,12.0,26.76,5.86sd,26.76,5.86,,6215330,,17562,19091
260.0,,healthy,,115.0,145.0,14.61,14-15,14.0,15.0,,3991323,,7509,9650
28.0,,healthy,,17.0,11.0,25.24,20-39,20.0,39.0,,3991323,,7509,9650
113.0,,healthy,,,,,,,,,7038454,,6792,9449
104.0,,healthy,,,,,,,,,7038454,,6792,9449
10.0,,healthy,,3.0,7.0,39.8,18-50,18.0,50.0,,2935390,,7096,7923
17.0,,healthy,female,0.0,17.0,20.7,18-23,18.0,23.0,20.7,6688454,,12232,14191
21.0,healthy,patients,young,12.0,9.0,26.0,3.6,26.0,29.0,26.5,4458841,,45697,46616
22.0,healthy,patients,young,7.0,15.0,28.0,3.9,28.0,31.0,28.5,4458841,,45697,46616
25.0,,healthy,,,,,,,,,3483694,,28089,30834
43.0,MDD,patients,,13.0,30.0,,,,,,7118554,,8471,10050
56.0,,healthy,controls,30.0,26.0,,,,,,7118554,,8471,10050
22.0,,healthy,male,22.0,0.0,25.77,20-40,20.0,40.0,25.77,5776089,,7315,8159
32.0,,healthy,young,,,,,,,,5890144,,7227,8372
29.0,healthy,participants,,16.0,13.0,23.6,21-33,21.0,33.0,,7989009,,44675,45771
233.0,,healthy,,,,16.1,9.9 - 26.6,9.9,26.6,,5390693,,6438,8339
40.0,healthy,students,right-handed,21.0,19.0,21.28,18-24,18.0,24.0,,8152834,,7186,8239
12.0,,healthy,volunteers,7.0,5.0,38.0,23-60,23.0,60.0,38.0,4075342,,7661,9066
36.0,,healthy,,19.0,17.0,26.45,2141 years,21.0,41.0,,3869681,,12247,13506
18.0,,healthy,Experiment 1 (semantic categorization),10.0,8.0,26.3,2141 years,21.0,41.0,,3869681,,12247,13506
18.0,,healthy,Experiment 2 (silently thinking about a word's meaning),9.0,9.0,26.6,2138 years,21.0,38.0,,3869681,,12247,13506
26.0,ASD,patients,youth,,,,,,,,7194032,1.0,9309,10707
28.0,,healthy,youth,,,,,,,,7194032,1.0,9309,10707
18.0,lung cancer patients,patients,,,,,,,,,7275001,,8631,10461
21.0,,healthy,,,,,,,,,7275001,,8631,10461
20.0,unipolar major depression,patients,primary study,,,,,,,,5416685,,15035,15652
19.0,unipolar major depression,patients,validation study,,,,,,,,5416685,,15035,15652
19.0,,healthy,primary sample,,,,,,,,5416685,,15035,15652
20.0,,healthy,validation sample,,,,,,,,5416685,,15035,15652
19.0,obese,patients,women,0.0,19.0,,,,,,5537800,,8516,10261
29.0,healthy,young adults,self-reported,10.0,19.0,23.8,1930 years,19.0,30.0,,8318202,,8764,10050
32.0,healthy,older adults,self-reported,15.0,17.0,71.0,6581 years,65.0,81.0,,8318202,,8764,10050
20.0,,healthy,,10.0,10.0,35.0,20-50,20.0,50.0,30.0,4280551,,39662,41442
24.0,,healthy,,10.0,14.0,34.5,,,,,8699602,,8940,9612
10.0,IMP,patients,IMP group,1.0,9.0,16.3,14-17,14.0,17.0,,5686883,1.0,7085,9280
10.0,,healthy,control group,1.0,9.0,16.1,,,,,5686883,1.0,7085,9280
21.0,BDD,patients,,,,,,,,,6246657,,7306,10392
40.0,MDD,patients,,,,,,,,,6246657,,7306,10392
70.0,,healthy,,,,,,,,,6246657,,7306,10392
21.0,healthy,participants,right-handed,8.0,13.0,24.9,19-30,19.0,30.0,,5218407,,9582,10592
15.0,Autism Spectrum Disorder,patients,,12.0,3.0,38.0,,,,,2648877,,10521,12299
18.0,,healthy,,13.0,5.0,32.0,,,,,2648877,,10521,12299
216.0,,healthy,,,,,,,,,8828908,,5902,6887
60.0,,healthy,,,,,,,,,4990879,,7250,8174
20.0,,healthy,control,10.0,10.0,25.0,20-30,20.0,30.0,25.0,4936600,1.0,11563,14292
30.0,patients,patients,ADHD,15.0,15.0,30.0,25-35,25.0,35.0,30.0,4936600,1.0,11563,14292
70.0,,healthy,,41.0,29.0,,2150 years,,,,7260173,,30977,33120
54.0,,experimental,TSD,28.0,26.0,33.5,2150 years,,,,7260173,,30977,33120
16.0,,control,,7.0,9.0,34.5,2150 years,,,,7260173,,30977,33120
42.0,bronchial asthma without acute attacks,patients,,7.0,10.0,50.76,,,,,5394595,,5950,6820
60.0,,healthy,,,,,,,,,5394595,,5950,6820
31.0,AN,patients,current diagnosis,0.0,31.0,,,,,,3913832,,7409,9049
35.0,,healthy,,0.0,35.0,,,,,,3913832,,7409,9049
40.0,,healthy,,8.0,32.0,44.0,25-63,25.0,63.0,38.0,8172304,,6637,7668
32.0,chronic urticaria,patients,,6.0,26.0,45.0,25-65,25.0,65.0,42.0,8172304,,6637,7668
38.0,,healthy,,,,,,,,,3660406,,12986,16917
19.0,,healthy,,5.0,14.0,22.62,18-27,18.0,27.0,,3660406,,12986,16917
15.0,,healthy,,5.0,10.0,61.15,51-71,51.0,71.0,,3660406,,12986,16917
44.0,chronic osteoarthritis,patients,acupuncture nave,25.0,19.0,,43-70,43.0,70.0,,4175730,1.0,19248,20025
57.0,,healthy,,31.0,26.0,10.19,,,,,7099000,1.0,8182,9167
20.0,Christians,patients,Christians,22.0,19.0,,,,,,2748718,,25958,29873
21.0,Nonbelievers,patients,Nonbelievers,22.0,19.0,,,,,,2748718,,25958,29873
33.0,ASD,children and adolescents,,,,,,,,,5870086,,9508,11703
147.0,MDD,patients,,50.0,97.0,45.0,18-45,18.0,45.0,40.0,5598991,,7260,9372
130.0,,healthy,,49.0,81.0,35.0,,,,,5598991,,7260,9372
24.0,,healthy,right-handed,12.0,12.0,,,,,,3362560,,7514,9845
21.0,PTSD,patients,,,,,,,,,6024199,,14405,15358
21.0,trauma-exposed control,patients,,,,,,,,,6024199,,14405,15358
21.0,problematic tinnitus,patients,,10.0,11.0,,,,,,6667657,,7425,9782
12.0,,healthy,imaged participants,,,,,,,,6667657,,7425,9782
10.0,,healthy,post-MBCT session,,,,,,,,6667657,,7425,9782
8.0,,healthy,follow-up scan,,,,,,,,6667657,,7425,9782
17.0,PD,patients,,2.0,15.0,,,,,,6382839,,30626,32637
17.0,,healthy,,4.0,13.0,,,,,,6382839,,30626,32637
70.0,BD,patients,,,,,,,,,6908505,,7076,8109
18.0,smokers,participants,Chinese,18.0,0.0,25.11,21-33,21.0,33.0,25.11,3409150,1.0,8569,9966
13.0,"unilateral, upper limb amputation with phantom limb pain",patients,,11.0,2.0,52.92,3275 years,32.0,75.0,,2494616,,8118,9527
6.0,,healthy,,,,43.0,3056,30.0,56.0,,2494616,,8118,9527
30.0,MDD,patients,"first-episode, drug-nave",9.0,21.0,,,,,,4869560,,6957,9021
29.0,,healthy,,15.0,14.0,26.76,1.72 years,,,,4869560,,6957,9021
18.0,naive,subjects,naive,,,,,,,,2995581,,24448,24931
133.0,ischemic stroke,patients,,,,,,,,,5665859,,7175,10809
15.0,,healthy,blank control,,,,,,,,5665859,,7175,10809
20.0,fibromyalgia,FM,,,,46.4,22-70,22.0,70.0,,6820536,,5393,6615
20.0,,healthy,,,,42.1,21-70,21.0,70.0,,6820536,,5393,6615
34.0,schizophrenia,patients,unmedicated,,,,,,,,5292583,,6605,8461
35.0,,healthy,controls,,,,,,,,5292583,,6605,8461
61.0,,healthy,,,,,,,,,5460049,,6967,8342
58.0,,healthy,,,,,,,,,5460049,,6967,8342
12.0,,healthy,,5.0,7.0,25.8,3.7 years,,,,7649291,1.0,8416,8816
28.0,schizophrenia,patients,,,,,2154 years,,,,8883821,,7464,8764
20.0,autism spectrum disorder,patients,,,,,1943 years,,,,8883821,,7464,8764
30.0,,healthy,,,,,1954 years,,,,8883821,,7464,8764
20.0,,healthy,young,14.0,6.0,24.0,20-34,20.0,34.0,24.0,8764488,,15910,17003
39.0,aphasia,patients,,,,,,,,,5266856,,11355,12649
37.0,,healthy,,,,,,,,,5266856,,11355,12649
11.0,proficient,patients,proficient,3.0,8.0,28.73,19-46,19.0,46.0,,3554651,,39775,41437
10.0,less-proficient,patients,less-proficient,3.0,7.0,30.0,19-45,19.0,45.0,,3554651,,39775,41437
14.0,CS,patients,,3.0,11.0,25.0,18-33 years,18.0,33.0,,5371603,1.0,25055,27824
15.0,,healthy,,6.0,9.0,25.166666666666668,20-37 years,20.0,37.0,,5371603,1.0,25055,27824
147.0,infants born at less than 33weeks gestation,patients,born at 28 or less weeks of gestation,,,,,,,,4215530,,10681,12744
69.0,infants born at less than 33weeks gestation,patients,born between 29 and 33weeks of gestation,,,,,,,,4215530,,10681,12744
24.0,"VPT with no history of cerebral palsy, grade 3/4 intraventricular haemorrhage or periventricular leukomalacia",patients,young adults of both sexes,,,,,,,,4215530,,10681,12744
22.0,,healthy,controls,,,,,,,,4215530,,10681,12744
21.0,idiopathic PD,patients,,14.0,7.0,,,,,,3045463,,6018,9180
19.0,,healthy,,12.0,7.0,,,,,,3045463,,6018,9180
1185.0,,healthy,,616.0,569.0,30.1,1853,18.0,53.0,,5832413,,59945,61874
1600.0,,healthy,,852.0,748.0,31.7,1858 years,18.0,58.0,,5832413,,59945,61874
16.0,,healthy,right-handed,6.0,10.0,23.1,1929 years,19.0,29.0,,5832413,,59945,61874
164.0,,healthy,female,,,,,,,,4174863,,7405,10633
46.0,,healthy,female,,,,,,,,4174863,,7405,10633
19.0,aMCI probably caused by Alzheimer's disease or mAD,patients,,4.0,7.0,,between 65 and 81 years,,,,7838677,1.0,6036,9501
6.0,mAD,patients,,4.0,2.0,,,,,,7838677,1.0,6036,9501
35.0,,healthy,adults,14.0,14.0,,between 55 and 81 years,,,,7838677,1.0,6036,9501
64.0,pED,patients,right-handed male heterosexual,64.0,0.0,26.85,26-85,26.0,85.0,,6290711,2.0,7554,10763
41.0,,healthy,right-handed male heterosexual,41.0,0.0,28.53,26-85,26.0,85.0,,6290711,2.0,7554,10763
17.0,schizophrenia,patients,,,,,,,,,7851842,,9615,11713
18.0,,healthy,,,,,,,,,7851842,,9615,11713
32.0,chronic left-hemisphere stroke,patients,,27.0,5.0,62.1,11-56,11.0,56.0,27.0,4473263,,8398,9988
18.0,,healthy,,8.0,10.0,63.9,,,,,4473263,,8398,9988
103.0,,healthy,,52.0,51.0,32.5,,,,,3334814,,8117,11961
12.0,,healthy,CR,7.0,5.0,25.0,19-32,19.0,32.0,26.0,3791281,,6198,9421
12.0,binge drinkers,patients,BD,7.0,5.0,27.0,19-32,19.0,32.0,28.0,3791281,,6198,9421
24.0,IA,patients,,14.0,10.0,20.58,2.39 years,,,,8939409,,8544,9896
23.0,,healthy,,10.0,13.0,21.13,2.51 years,,,,8939409,,8544,9896
54.0,regular CUs,patients,CUs,,,,,,,,8459240,1.0,7650,8658
54.0,matched nonCUs,patients,NonCUs,,,,,,,,8459240,1.0,7650,8658
63.0,,healthy,adults,36.0,27.0,37.11,27-55,27.0,55.0,35.0,7913329,,10518,11796
8.0,right-sided cerebral palsy,patients,,3.0,5.0,15.0,10-30,10.0,30.0,13.0,6878729,1.0,7912,9122
17.0,DLB,patients,,13.0,4.0,71.88,60-82,60.0,82.0,,6902076,1.0,6917,8222
20.0,,healthy,subjects,9.0,11.0,67.8,56-77,56.0,77.0,,6902076,1.0,6917,8222
53.0,T2DM,patients,,,,,,,,,7829678,,7017,9210
39.0,healthy,HC,,,,,,,,,7829678,,7017,9210
45.0,MDD,patients,,16.0,29.0,37.11,19-58 years,19.0,58.0,37.0,4983635,,8102,10652
19.0,healthy,controls,,8.0,11.0,33.0,20-52 years,20.0,52.0,33.0,4983635,,8102,10652
50.0,relapsing-remitting MS,patients,,,,,,,,,6200185,,7655,8461
25.0,,healthy,,,,,,,,,6200185,,7655,8461
46.0,,healthy,,32.0,14.0,22.61,,,,,7745153,,9299,12877
28.0,,healthy,,15.0,13.0,26.39,3.77 years,,,,7481390,1.0,8040,10638
16.0,DLB,patients,,,,,,,,,3984441,,7293,9018
17.0,,healthy,,,,,,,,,3984441,,7293,9018
50.0,IPD,patients,IPD patients,11.0,9.0,54.6,12.3 years,,,,6675526,,4609,5604
20.0,,healthy,age-matched healthy controls,11.0,9.0,54.6,12.3 years,,,,6675526,,4609,5604
24.0,FD-PDS patients with comorbid MDD,patients,FD-PDS-MDD,0.0,24.0,42.44,,,,,7518235,1.0,18065,18709
24.0,FD-PDS patients without MDD,patients,FD-PDS,0.0,24.0,42.44,,,,,7518235,1.0,18065,18709
24.0,,healthy,,0.0,24.0,42.44,,,,,7518235,1.0,18065,18709
53.0,SAD,patients,generalized subtype,44.0,17.0,29.9,,,,,4416052,,5666,9459
33.0,,healthy,,29.0,14.0,29.4,,,,,4416052,,5666,9459
17.0,,healthy,,,,,,,,,3780305,,14497,15232
13.0,chronic pain,patients,,4.0,9.0,51.8,43 to 65,43.0,65.0,,4048172,,8990,10646
13.0,,healthy,,4.0,9.0,48.7,38 to 62,38.0,62.0,,4048172,,8990,10646
7.0,healthy,patients,adult,2.0,5.0,312.9,SEM,,,,7758977,,6078,7557
6.0,healthy,patients,adult,1.0,5.0,291.9,,,,,7758977,,6078,7557
15.0,,healthy,,15.0,0.0,26.0,26.0,26.0,26.0,26.0,5270359,,8450,9492
19.0,,healthy,,13.0,6.0,40.0,18-40,18.0,40.0,35.0,6787094,,37350,38168
35.0,SCD,patients,,,,,,,,,7090024,1.0,5511,6530
32.0,healthy,control,,,,,,,,,7090024,1.0,5511,6530
44.0,PD,patients,,,,,,,,,6389716,,8216,9580
43.0,,healthy,,,,,,,,,6389716,,8216,9580
14.0,,healthy,,,,24.8,22-29,22.0,29.0,,3078751,,10341,10716
46.0,schizophrenia,patients,"drug-naive, first-episode",,,,,,,,6197719,,10028,12384
46.0,,healthy,,,,,,,,,6197719,,10028,12384
46.0,,healthy,,,,,,,,,6197719,,10028,12384
104.0,WMHs,patients,mild,,,,,,,,8315277,1.0,7581,10145
37.0,,healthy,,,,,,,,,8315277,1.0,7581,10145
10.0,chronic marijuana (MJ) users,patients,,8.0,2.0,,,,,,3742334,,7512,11306
18.0,,healthy,,11.0,7.0,,,,,,3742334,,7512,11306
24.0,AN,patients,,,,,,,,,4530666,1.0,9512,12494
25.0,,healthy,,,,,,,,,4530666,1.0,9512,12494
6.0,,healthy,young adults,5.0,1.0,28.5,22-35,22.0,35.0,28.0,3894920,,10745,11773
30.0,,healthy,,10.0,20.0,,1825,,,,5881103,,15988,18765
11.0,depressed patients,patients,,5.0,6.0,61.8,,,,,4589842,,6061,7568
11.0,,healthy,,5.0,6.0,56.8,,,,,4589842,,6061,7568
19.0,MDD,patients,,,,,,,,,7875881,,7093,8833
17.0,,healthy,,,,,,,,,7875881,,7093,8833
30.0,ADHD,patients,boys,30.0,0.0,10.5,10-17,10.0,17.0,11.0,4190683,,9065,12151
30.0,,healthy,boys,30.0,0.0,10.5,10-17,10.0,17.0,11.0,4190683,,9065,12151
27.0,patients,patients,,,,,,,,,5903407,,7983,10239
24.0,,healthy,,,,,,,,,5903407,,7983,10239
30.0,HFS,patients,left-side HFS,12.0,18.0,48.87,10.61 years,48.87,48.87,48.87,8569140,1.0,6781,8456
30.0,healthy,patients,healthy controls,12.0,18.0,47.63,13.29 years,47.63,47.63,47.63,8569140,1.0,6781,8456
32.0,,healthy,,,,,,,,,8018944,,8670,11952
342.0,,healthy,,,,,,,,,3893192,1.0,6340,7837
26.0,,happy,,,,,,,,,3893192,1.0,6340,7837
25.0,,unhappy,,,,,,,,,3893192,1.0,6340,7837
223.0,mood and/or anxiety disorder,MA,,61.0,162.0,36.0,11,,,,7082218,,14245,17478
45.0,healthy control,HC,,22.0,23.0,32.0,11,,,,7082218,,14245,17478
20.0,perinatal stroke,patients,children,10.0,10.0,12.0,6-19,6.0,19.0,11.0,8785614,,10157,11478
20.0,,healthy,children,10.0,10.0,12.0,6-19,6.0,19.0,11.0,8785614,,10157,11478
90.0,,healthy,CON,,,,,,,,7416060,,8377,10336
54.0,cannabis users,patients,CAN,,,,,,,,7416060,,8377,10336
24.0,,healthy,,,,26.0,23 to 34,23.0,34.0,,3502502,,6711,7624
24.0,,healthy,,12.0,12.0,25.3,21-34,21.0,34.0,,7994216,,12556,14217
12.0,young adults,patients,young adults,8.0,4.0,25.2,2.4 years,,,,6585311,1.0,8877,12685
10.0,chronic post-stroke hemiparesis,patients,stroke participants,6.0,4.0,66.7,7.94 years,1.1,,,6585311,1.0,8877,12685
9.0,age-matched control participants,patients,control participants,4.0,5.0,64.2,7.73 years,,,,6585311,1.0,8877,12685
53.0,mTBI,patients,,25.0,28.0,58.0,20-58,20.0,58.0,39.0,7539836,,6826,8200
43.0,,healthy,,19.0,24.0,59.0,20-59,20.0,59.0,41.0,7539836,,6826,8200
31.0,healthy,patients,young adult,17.0,14.0,21.5,1.5 years,,,,5339238,1.0,10037,12304
160.0,,healthy,,115.0,45.0,37.04,19-59,19.0,59.0,,7721229,,10065,13228
151.0,SZ,patients,,115.0,36.0,38.77,18-62,18.0,62.0,,7721229,,10065,13228
314.0,,healthy,,249.0,65.0,17.04,6.47-56.20,6.47,56.2,,7721229,,10065,13228
255.0,ASD,patients,,224.0,31.0,17.05,7.00-55.40,7.0,55.4,,7721229,,10065,13228
41.0,UC,patients,,25.0,16.0,37.1,20-54 years,20.0,54.0,,6457314,,5613,7441
42.0,,healthy,controls,25.0,17.0,36.86,22-55 years,22.0,55.0,,6457314,,5613,7441
37.0,PD,patients,,17.0,20.0,,,,,,4184784,,6434,8455
34.0,,healthy,,22.0,12.0,,,,,,4184784,,6434,8455
13.0,right MCA territory infarction,patients,male,13.0,0.0,,,,,,8154462,,4472,5608
11.0,,healthy,male,11.0,0.0,,,,,,8154462,,4472,5608
28.0,ASD,patients,,20.0,8.0,14.58,14.58-16.62,14.58,16.62,,8213933,,13173,14739
27.0,,healthy,matched controls,18.0,9.0,14.49,14.49-15.51,14.49,15.51,,8213933,,13173,14739
23.0,,healthy,,,,,,,,,5761874,,7481,8731
25.0,temporal lobe epilepsy,patients,,,,,,,,,5761874,,7481,8731
12.0,cockroach phobia,patients,,4.0,8.0,40.08,,,,,6220927,,5977,7136
12.0,,healthy,,4.0,8.0,24.08,,,,,6220927,,5977,7136
50.0,mTBI,patients,,30.0,20.0,35.0,20-50,20.0,50.0,30.0,7275020,,7449,8455
50.0,,healthy,,25.0,25.0,40.0,30-50,30.0,50.0,40.0,7275020,,7449,8455
66.0,TLE patients with unilateral hippocampal sclerosis (HS),patients,left,,,,,,,,8933317,1.0,8349,9763
31.0,,healthy,,,,,,,,,8933317,1.0,8349,9763
18.0,ASC,patients,high-functioning adults,18.0,0.0,30.4,10,30.4,30.4,30.4,4265725,,10617,12494
18.0,,healthy,controls,0.0,18.0,28.6,11.7,28.6,28.6,28.6,4265725,,10617,12494
20.0,,healthy,,,,21.95,18-35,18.0,35.0,,4810172,,9482,10858
34.0,,healthy,,12.0,12.0,2345.0,2345 years,2345.0,2345.0,2345.0,2525845,,5998,8666
31.0,VaMCI,patients,right-handed,,,,,,,,6350268,1.0,6317,9916
32.0,,healthy,right-handed,,,,,,,,6350268,1.0,6317,9916
24.0,asymptomatic carotid artery stenosis,patients,successful CAS,,,,,,,,5552726,1.0,3930,5250
16.0,asymptomatic carotid artery stenosis,patients,follow-up study,,,,,,,,5552726,1.0,3930,5250
22.0,MTLE,patients,,,,,,,,,7836234,,7759,9900
19.0,,healthy,controls,,,,,,,,7836234,,7759,9900
15.0,PTSD,patients,,,,,,,,,8785646,,15850,19588
15.0,healthy,participants,,,,,,,,,8785646,,15850,19588
14.0,AD,patients,,8.0,6.0,70.0,60-80,60.0,80.0,72.0,3423412,,6223,8710
8.0,MCI,patients,,4.0,4.0,65.0,55-75,55.0,75.0,66.0,3423412,,6223,8710
14.0,,healthy,elderly controls,7.0,7.0,68.0,60-75,60.0,75.0,69.0,3423412,,6223,8710
27.0,primary generalized SAD,patients,,15.0,12.0,,,,,,4029608,,8770,11234
27.0,,healthy,,14.0,13.0,,,,,,4029608,,8770,11234
120.0,ADHD,patients,children and adolescents,80.0,40.0,12.5,10-18,10.0,18.0,12.0,8782893,,7940,10880
40.0,healthy,patients,2/3,20.0,20.0,20.5,18-23,18.0,23.0,20.0,3520927,,5472,7428
40.0,healthy,patients,3/4,20.0,20.0,20.5,18-23,18.0,23.0,20.0,3520927,,5472,7428
1.0,GNE myopathy,patients,patient,1.0,0.0,,,,,,8978988,3.0,7367,10738
8.0,,healthy,young adults,4.0,4.0,31.75,5.00,,,,4522562,,34627,36506
9.0,,healthy,,6.0,3.0,19.27,,,,,5719057,,36231,39516
22.0,,healthy,,16.0,6.0,16.0,,,,,3701149,,11779,14691
12.0,adolescents with transient AHs,patients,,5.0,7.0,15.97,,,,,3701149,,11779,14691
13.0,adolescents with a 22q11.2 Deletion Syndrome,patients,,9.0,4.0,16.14,,,,,3701149,,11779,14691
29.0,,healthy,,,,,,,,,7563756,,9392,10386
65.0,idiopathic PD,patients,,,,,,,,,5655292,,3039,4402
24.0,,healthy,,,,,,,,,5655292,,3039,4402
76.0,,healthy,,60.0,16.0,49.9,40-60,40.0,60.0,49.9,9205431,,45406,48741
38.0,,healthy,,16.0,22.0,,,,,,9205431,,45406,48741
7.0,,healthy,male,7.0,0.0,23.5,21 to 28 years,21.0,28.0,23.5,7406917,1.0,8419,12364
59.0,ADHD,patients,,,,,,,,,6347794,,7742,10511
18.0,nAMD,patients,,9.0,9.0,,,,,,8544331,1.0,16185,17940
18.0,,healthy,,9.0,9.0,,,,,,8544331,1.0,16185,17940
10.0,ET,patients,,6.0,4.0,69.48,48.9,48.9,48.9,48.9,7493988,,43154,44585
10.0,,healthy,,5.0,5.0,67.77,7.8,7.8,7.8,7.8,7493988,,43154,44585
112.0,,healthy,,,,,,,,,8752963,,5395,7240
89.0,,patients,,,,,,,,,8752963,,5395,7240
163.0,,healthy,,117.0,46.0,36.9,,,,,6611425,2.0,12727,16419
151.0,SZ,patients,age- and gender matched,114.0,37.0,37.8,,,,,6611425,2.0,12727,16419
20.0,Tourette syndrome,patients,,,,,,,,,3877773,,6179,7775
17.0,healthy,control children,,,,,,,,,3877773,,6179,7775
23.0,young people with a history of childhood abuse,patients,,15.0,8.0,17.5,,,,,5104469,,12106,15360
20.0,psychiatric controls,patients,,,,,,,,,5104469,,12106,15360
27.0,,healthy,,,,,,,,,5104469,,12106,15360
13.0,experienced HA users,patients,eHA,,,4.5,,,,,6509414,,8835,10592
14.0,inexperienced HA users,patients,iHA,,,,,,,,6509414,,8835,10592
21.0,Parkinson's disease,patients,,13.0,8.0,60.8,44-73 years,44.0,73.0,,3182403,,5559,6387
20.0,,healthy,native English speaking children,,,5.8,5.2 to 6.8 years,5.2,6.8,,4274095,1.0,12283,13600
20.0,probable or definite sporadic ALS,patients,,,,,,,,,3447931,,7348,8813
15.0,healthy,participants,right-handed,8.0,7.0,26.5,21-38 years,21.0,38.0,,3324921,,9056,13005
284.0,,healthy,,71.0,140.0,25.6,25-31,25.0,31.0,,4319399,,9266,11511
6.0,affective violence,offenders,VA,6.0,0.0,,,,,,9230060,,4708,5988
7.0,predatory violence,offenders,VP,7.0,0.0,,,,,,9230060,,4708,5988
7.0,non-violent crime,offenders,NV,7.0,0.0,,,,,,9230060,,4708,5988
20.0,,healthy,,20.0,0.0,,,,,,9230060,,4708,5988
23.0,"normal or corrected-to-normal vision, no history of neurological or psychiatric illness",students,righthanded,7.0,16.0,23.8,18-30,18.0,30.0,23.0,5324609,,5173,8811
14.0,normal hearing,listeners,,7.0,7.0,36.0,22-48 years,22.0,48.0,35.0,3788350,,9587,10771
15.0,phobic prone,patients,PP,9.0,6.0,39.2,,,,,3002948,,8290,11062
15.0,eating disorders prone,patients,EDP,10.0,5.0,34.4,,,,,3002948,,8290,11062
62.0,panic disorder and agoraphobia,patients,,,,,,,,,6854061,,8526,10737
39.0,,healthy,,,,,,,,,6854061,,8526,10737
25.0,,healthy,,14.0,10.0,33.2,21-48,21.0,48.0,33.5,6412974,,9389,12145
18.0,JME patients,patients,,3.0,15.0,30.1,20-48,20.0,48.0,30.1,6412974,,9389,12145
24.0,MSA c-type,patients,,,,,,,,,7485713,,27477,29306
20.0,,healthy,,,,,,,,,7485713,,27477,29306
50.0,ET,patients,right-handed,25.0,25.0,60.0,50-70,50.0,70.0,60.0,4732188,,5151,6415
50.0,healthy,controls,right-handed,25.0,25.0,55.0,45-65,45.0,65.0,55.0,4732188,,5151,6415
28.0,healthy,young adults,YA,19.0,9.0,24.39,18-34,18.0,34.0,,7004957,4.0,9185,11794
24.0,healthy,older adults,OA,15.0,9.0,66.95,55-75,55.0,75.0,,7004957,4.0,9185,11794
50.0,CSOs,patients,convicted,40.0,10.0,35.0,20-50,20.0,50.0,30.0,6678781,,33032,36829
30.0,CSOs,patients,non-convicted,25.0,5.0,40.0,25-55,25.0,55.0,45.0,6678781,,33032,36829
20.0,,healthy,controls,10.0,10.0,30.0,20-40,20.0,40.0,30.0,6678781,,33032,36829
15.0,pedophiles,patients,hands-off,12.0,3.0,50.0,40-60,40.0,60.0,55.0,6678781,,33032,36829
100.0,FES patients,patients,drugnave,,,,,,,,9435010,1.0,9332,11452
50.0,,healthy,age and sexmatched,,,,,,,,9435010,1.0,9332,11452
16.0,ASD,patients,,16.0,0.0,13.0,8-18,8.0,18.0,13.0,5279905,,7481,9124
16.0,,healthy,,16.0,0.0,,,,,,5279905,,7481,9124
42.0,ASD,patients,,,,,,,,,3842522,,11123,13089
48.0,,healthy,,,,,,,,,3842522,,11123,13089
32.0,,healthy,,17.0,15.0,25.27,2527 years old,25.0,27.0,26.0,4332461,,4501,7045
20.0,,healthy,control,10.0,10.0,25.0,20-30,20.0,30.0,25.0,3777673,,12233,16884
30.0,patients,patients,experimental,15.0,15.0,35.0,30-40,30.0,40.0,35.0,3777673,,12233,16884
20.0,MdDS,patients,,5.0,15.0,43.4,27-66 years,27.0,66.0,,3510214,,12585,13447
20.0,,healthy,,,,43.0,23-59 years,23.0,59.0,,3510214,,12585,13447
11.0,healthy,normal,subjects,5.0,6.0,31.0,25-38,25.0,38.0,,3132672,,7753,11701
21.0,PTSD,patients,,,,,,,,,5030332,,7905,9151
35.0,DD,children,DD,23.0,12.0,8.5,8-11,8.0,11.0,9.0,5758587,,11527,14377
35.0,TD,children,TD,12.0,23.0,8.5,8-11,8.0,11.0,9.0,5758587,,11527,14377
34.0,abstinent ADP,patients,,34.0,0.0,,,,,,5413198,,10741,12545
26.0,,healthy,,26.0,0.0,,,,,,5413198,,10741,12545
20.0,,healthy,,7.0,13.0,25.53,,,,,2561002,,39930,43391
10.0,,healthy,,4.0,6.0,25.82,,,,,2561002,,39930,43391
10.0,,healthy,,3.0,7.0,25.23,,,,,2561002,,39930,43391
3.0,LMTLE,patients,,,,,,,,,8933759,1.0,14113,14609
63.0,healthy,patients,women,0.0,63.0,24.35,6.02.3 - 24.35.0,6.02,24.35,24.35,5068584,,5351,8476
28.0,IA,patients,adolescents,,,,,,,,4030253,,12909,14925
27.0,,healthy,subjects,,,,,,,,4030253,,12909,14925
23.0,refractory epilepsy of the temporal lobe,patients,native Spanish,8.0,15.0,,,,,,4017227,2.0,7012,9327
12.0,,healthy,,,,,,,,,4017227,2.0,7012,9327
11.0,,healthy,,,,,,,,,4017227,2.0,7012,9327
19.0,,healthy,native Spanish,10.0,9.0,,,,,,4017227,2.0,7012,9327
173.0,TSC,patients,unrelated,,,,,,,,9308181,,5201,8942
20.0,,healthy,,,,,,,,,4352055,3.0,21198,22751
163.0,,healthy,,117.0,46.0,36.9,,,,,9057100,,12793,13992
151.0,SZ,patients,,114.0,37.0,37.8,,,,,9057100,,12793,13992
5.0,TS,participants,,3.0,2.0,27.0,,,,,5857897,,6603,7746
5.0,patients,patients,,,,,,,,,6699415,,34985,36467
75.0,chronic dieters,patients,females,0.0,75.0,19.38,18-23,18.0,23.0,,5460048,,11781,14592
14.0,,healthy,,,,,,,,,6016936,1.0,13042,14927
10.0,,healthy,,,,,,,,,6016936,1.0,13042,14927
6.0,PCH,patients,,6.0,0.0,,,,,,9461104,,8676,10310
102.0,,healthy,,36.0,66.0,21.5,20 to 23 years,20.0,23.0,,3775427,1.0,8012,10968
228.0,,healthy,,,,,,,,,6492297,,27161,31007
595.0,,healthy,,,,,,,,,8615904,,7046,10033
1.0,autism,patients,children,1.0,0.0,8.0,8,8.0,8.0,8.0,9407088,,31900,35502
2.0,autism,patients,adults,2.0,0.0,57.0,50-64,50.0,64.0,57.0,9407088,,31900,35502
