count,diagnosis,group_name,male count,female count,age mean,age range,age minimum,age maximum,age median,subgroup_name,pmcid,rank,start_char,end_char
23.0,,healthy,18.0,5.0,222.0,unknown,,,,,4330553,,10707.0,25010
45.0,healthy,participants,18.0,27.0,24.49,18-34,18.0,34.0,24.0,,5428836,,26550.0,38484
45.0,,healthy,,,,,,,,,5428836,,26550.0,38484
20.0,no history of neurological or psychological disease,participants,1.0,19.0,21.4,18-31,18.0,31.0,21.0,,6136263,,16503.0,27168
67.0,,healthy,36.0,31.0,15.6,13-18,13.0,18.0,15.0,adolescents,8379626,,7716.0,18650
26.0,typically developing,Caucasian children and adolescents,17.0,9.0,11.42,8-16,8.0,16.0,11.0,,7005761,,7835.0,20536
110.0,multi-problem young adults,patients,110.0,0.0,,,,,,,6004505,,7938.0,17136
25.0,,healthy,25.0,0.0,,,,,,,6004505,,7938.0,17136
15.0,Autism Spectrum Disorder,patients,12.0,3.0,38.0,18-55,18.0,55.0,35.0,,2648877,,10521.0,18387
18.0,,healthy,13.0,5.0,32.0,20-45,20.0,45.0,30.0,,2648877,,10521.0,18387
41.0,neurologically healthy,Christians,22.0,19.0,,18-30,18.0,30.0,,Nonbelievers,2748718,,25958.0,36513
30.0,neurologically healthy,Christians,7.0,8.0,,,,,,Nonbelievers,2748718,,25958.0,36513
26.0,healthy,volunteers,12.0,14.0,23.04,18-35,18.0,35.0,23.0,,6697392,,7141.0,36717
21.0,problematic tinnitus,patients,10.0,11.0,,21-72,21.0,72.0,,ChampaignUrbana area,6667657,,7425.0,27130
12.0,,healthy,,,,,,,,,6667657,,7425.0,27130
17.0,,healthy,8.0,9.0,22.21,,,,,,6195265,,13097.0,22246
28.0,,healthy,,,,21-54,,,,,8883821,,7464.0,18951
20.0,,healthy,,,,19-43,,,,,8883821,,7464.0,18951
30.0,,healthy,,,,19-54,,,,,8883821,,7464.0,18951
46.0,,healthy,32.0,14.0,22.61,,,,,,7745153,,9299.0,12877
38.0,healthy,adults,19.0,19.0,24.08,18-35,18.0,35.0,24.0,childless,7395771,,8721.0,24500
13.0,,healthy,5.0,8.0,23.1,,,,,,4034409,,13409.0,26379
13.0,,healthy,4.0,9.0,23.5,,,,,,4034409,,13409.0,26379
1418.0,,healthy,546.0,872.0,22.39,18-35,18.0,35.0,22.0,,9564100,,24189.0,51474
30.0,trilinguals,students,10.0,20.0,25.0,18-25,18.0,25.0,22.0,CantoneseMandarinEnglish trilingual participants,5881103,,15988.0,29621
22.0,,healthy,13.0,9.0,26.7,18-60,,,22.5,,2775905,,7644.0,22822
14.0,,healthy,5.0,9.0,27.0,20-34,20.0,34.0,27.0,,6198067,,8869.0,19563
11.0,,healthy,7.0,4.0,28.0,21-35,21.0,35.0,28.0,,6198067,,8869.0,19563
36.0,older-aged,participants,14.0,20.0,73.2,56-83,56.0,83.0,,older-aged,7779563,,11922.0,24537
13.0,chronic pain,patients,,,,,,,,,4048172,2.0,44440.0,47501
13.0,,healthy,,,,,,,,,4048172,2.0,44440.0,47501
133.0,ischemic stroke,patients,72.0,61.0,,60-70,,,,,5665859,,7175.0,15026
15.0,,healthy,8.0,7.0,,60-70,,,,,5665859,,7175.0,15026
20.0,,healthy,9.0,11.0,23.0,18-27,,,,,7339141,,6763.0,29517
30.0,chronic osteoarthritis,patients,15.0,15.0,60.0,40-70,40.0,70.0,60.0,acupuncture nave,4175730,,5086.0,19248
38.0,structural abnormalities,participants,,,,1827,,,,younger and older adults,3660406,,12704.0,30124
19.0,,healthy,5.0,14.0,22.62,1827,18.0,27.0,,,3660406,,12704.0,30124
15.0,,healthy,5.0,10.0,61.15,5171,51.0,71.0,,,3660406,,12704.0,30124
20.0,healthy,undergraduate and postgraduate students,10.0,10.0,22.3,19-28,19.0,28.0,,"University of Jena, Germany",7002496,,9427.0,20859
260.0,substance use disorders,adolescents,115.0,145.0,14.61,14-15,14.0,15.0,,,3991323,,7509.0,22523
28.0,,healthy,17.0,11.0,25.24,20-39,20.0,39.0,,,3991323,,7509.0,22523
10.0,chronic marijuana  users,patients,8.0,2.0,,,,,,,3742334,,7512.0,22496
18.0,,healthy,11.0,7.0,,,,,,,3742334,,7512.0,22496
104.0,,healthy,,,,12.27-21.96,12.0,21.0,17.0,,7038454,,6792.0,24030
1.0,Parkinson's disease,patients,10.0,8.0,65.0,55-75,55.0,75.0,65.0,,3045463,3.0,2551.0,6018
11.0,"normal or corrected-to-normal vision, and none of them had neurological or psychiatric disorders.",observers,8.0,3.0,33.1,25-47,25.0,47.0,33.0,right-handed,6328158,,9509.0,20148
15.0,healthy,undergraduate students,10.0,5.0,20.0,20-22,20.0,22.0,21.0,healthy,6989437,,9041.0,18385
28.0,average or above average on standardized tests of pre-reading and language skills,children,,,,,,,,participants,4274095,1.0,25722.0,32769
70.0,,healthy,41.0,29.0,,2150,,,,,7260173,,30977.0,41739
24.0,internet addiction,patients,14.0,10.0,20.58,20-23,20.0,23.0,20.0,,8939409,,8544.0,18377
23.0,,healthy,10.0,13.0,21.13,20-23,20.0,23.0,21.0,,8939409,,8544.0,18377
15.0,phobic prone,patients,9.0,6.0,39.2,34-46,,,,PP,3002948,,8290.0,19457
15.0,eating disorders prone,patients,10.0,5.0,34.4,26-42,,,,EDP,3002948,,8290.0,19457
42.0,,healthy,42.0,0.0,23.86,19-32,19.0,32.0,23.0,,4380440,,10534.0,28045
12.0,,healthy,6.0,6.0,26.0,23-39 years,23.0,39.0,,first experiment,3422286,,8558.0,18464
14.0,,healthy,7.0,7.0,23.0,24-30 years,24.0,30.0,,second experiment,3422286,,8558.0,18464
22.0,,healthy,11.0,11.0,23.33,23-46,23.0,46.0,23.0,,6215330,,17562.0,44976
24.0,,healthy,10.0,14.0,25.07,,,,,,6215330,,17562.0,44976
21.0,,healthy,9.0,12.0,26.76,,,,,,6215330,,17562.0,44976
40.0,,healthy,20.0,20.0,20.0,18-23,18.0,23.0,,,4370584,,11424.0,25493
53.0,Type 2 diabetes mellitus,patients,35.0,18.0,60.0,45-75,45.0,75.0,62.0,,7829678,,7017.0,21035
39.0,,healthy,25.0,14.0,58.0,45-75,45.0,75.0,60.0,,7829678,,7017.0,21035
24.0,"VPT with no history of cerebral palsy, grade 3/4 intraventricular haemorrhage or periventricular leukomalacia",patients,12.0,12.0,20.0,20-20,20.0,20.0,20.0,VPT,4215530,,10681.0,22966
22.0,,healthy,11.0,11.0,,,,,,CT,4215530,,10681.0,22966
52.0,Autism spectrum disorder,patients,40.0,12.0,12.5,8-18,8.0,18.0,13.0,,7194032,2.0,18933.0,29349
52.0,,healthy,40.0,12.0,12.5,8-18,8.0,18.0,13.0,,7194032,2.0,18933.0,29349
14.0,congenitally profoundly deaf,CS,3.0,11.0,25.0,18-33,18.0,33.0,25.0,,5371603,,24766.0,41275
15.0,,healthy,6.0,9.0,25.166666666666668,20-37,20.0,37.0,25.0,,5371603,,24766.0,41275
49.0,chronic left hemisphere stroke survivors with a history of aphasia,patients,,,,,,,,aphasia group,5266856,,11323.0,19859
37.0,,healthy,,,,,,,,,5266856,,11323.0,19859
23.0,young people with a history of childhood abuse,patients,15.0,8.0,17.5,16-18,16.0,18.0,17.0,,5104469,,12106.0,23270
20.0,psychiatric controls,patients,9.0,11.0,16.9,16-17,16.0,17.0,16.0,,5104469,,12106.0,23270
27.0,,healthy,21.0,6.0,17.5,17-18,17.0,18.0,17.0,,5104469,,12106.0,23270
57.0,Posttraumatic stress disorder,patients,,,21.9,18-37,18.0,37.0,,,6024199,,14405.0,25023
21.0,Posttraumatic stress disorder,patients,6.0,15.0,21.5,18-31,18.0,31.0,,,6024199,,14405.0,25023
21.0,trauma-exposed control,patients,7.0,14.0,22.1,18-37,18.0,37.0,,,6024199,,14405.0,25023
34.0,neurologically healthy,participants,17.0,17.0,24.9,20-38,20.0,38.0,24.0,,6646524,,12647.0,35561
17.0,panic disorder patients,patients,2.0,15.0,,,,,,,6382839,,30626.0,39383
17.0,,healthy,4.0,13.0,,,,,,,6382839,,30626.0,39383
18.0,,healthy,8.0,10.0,22.5,,,,,,6344389,,14874.0,24733
32.0,,healthy,11.0,21.0,230.41,,,,,,8018944,,8670.0,27873
18.0,,healthy,10.0,8.0,25.0,22-29,22.0,29.0,,,4493392,,8993.0,19279
272.0,,healthy,123.0,149.0,24.5,18-68,18.0,68.0,24.0,,4115625,,8650.0,16536
40.0,,healthy,21.0,19.0,21.28,18-24,18.0,24.0,,right-handed students from Tohoku University,8152834,,7186.0,20774
17.0,,healthy,8.0,9.0,22.24,,,,,university students,8152834,,7186.0,20774
19.0,obese,patients,0.0,19.0,45.0,35-55,35.0,55.0,45.0,obese women,5537800,,8484.0,19703
45.0,major depressive disorder,patients,16.0,29.0,37.11,19-58,,,,mild-moderate,4983635,,8102.0,31407
19.0,,healthy,8.0,11.0,33.0,20-52,,,,,4983635,,8102.0,31407
18.0,,healthy,9.0,9.0,32.0,20-32,20.0,32.0,26.0,,4318429,,6580.0,17848
19.0,healthy,volunteers,10.0,9.0,22.8,19-31,19.0,31.0,22.0,,3869649,,5579.0,16896
70.0,bipolar disorder patients,patients,,,37.0,18-65,18.0,65.0,,,6908505,,7076.0,15408
10.0,undergraduate and graduate students,participants,4.0,6.0,20.8,,,,,,6528067,,11647.0,27400
15.0,right-handed,subjects,8.0,7.0,,,,,,,2390848,,22735.0,31351
7.0,,healthy,7.0,0.0,23.5,21-28,21.0,28.0,23.0,male,7406917,,8419.0,12364
20.0,normal or corrected-to-normal vision and reported to be in good health with no prior history of neurological disease,participants,20.0,0.0,23.9,18-33,,,,,4255751,,5627.0,14947
32.0,,healthy,,,,25-27,,,,,5890144,,7227.0,26220
18.0,lung cancer patients,patients,10.0,8.0,59.5,48-70,,,60.0,t0,7275001,,8631.0,17518
21.0,,healthy,11.0,10.0,59.0,48-70,,,60.0,HCs,7275001,,8631.0,17518
19.0,obsessive-compulsive disorder,patients,,,,,,,,,3777673,,6638.0,16887
19.0,,healthy,,,,,,,,,3777673,,6638.0,16887
21.0,healthy,participants,8.0,13.0,24.9,19-30,,,,right-handed,5218407,,9582.0,24346
20.0,healthy,participants,8.0,12.0,25.1,19-30,,,,right-handed,5218407,,9582.0,24346
17.0,healthy,participants,7.0,10.0,25.0,19-30,,,,right-handed,5218407,,9582.0,24346
53.0,social anxiety disorder,patients,44.0,17.0,29.9,13-29,13.0,29.0,29.0,,4416052,,5666.0,15046
33.0,,healthy,29.0,14.0,29.4,29-29,29.0,29.0,29.0,,4416052,,5666.0,15046
44.0,,healthy,,,,,,,,right-handed volunteers,2144768,,58551.0,79269
61.0,,healthy,61.0,0.0,24.255,18-35,18.0,35.0,,,6434022,,30465.0,45817
22.0,,healthy,22.0,0.0,25.77,20-40,20.0,40.0,,,5776089,,7315.0,16928
24.0,,healthy,12.0,12.0,,,,,,,3362560,,7514.0,17605
17.0,schizophrenia,patients,12.0,5.0,34.0,22-55,22.0,55.0,32.0,,7851842,,9615.0,19453
18.0,,healthy,9.0,9.0,32.0,24-45,24.0,45.0,30.0,,7851842,,9615.0,19453
29.0,,healthy,15.0,14.0,34.5,14-60,14.0,60.0,,,6868994,,7334.0,26564
55.0,,healthy,17.0,38.0,13.0,12-14,12.0,14.0,13.0,adolescents,7057279,1.0,17864.0,21441
615.0,,healthy,,,23.65,18-30,,,23.0,,3672681,,13846.0,26015
46.0,,healthy,,,,unknown,,,,,3672681,,13846.0,26015
32.0,,healthy,,,,unknown,,,,,3672681,,13846.0,26015
21.0,,healthy,,,,,,,,,3554651,,39775.0,47337
34.0,healthy,students,19.0,15.0,21.0,18-25,18.0,25.0,21.0,,6908964,,11176.0,21583
22.0,mesial temporal lobe epilepsy,patients,,,45.3,29.7-59.7,29.0,59.0,45.0,patients,7836234,,7759.0,23195
19.0,,healthy,,,45.8,29.8-59.8,29.0,59.0,45.0,age matched healthy controls,7836234,,7759.0,23195
14.0,,healthy,6.0,8.0,24.8,22-29,22.0,29.0,24.0,,3078751,,10341.0,27071
22.0,,healthy,17.0,5.0,30.0,19-41,,,28.0,behavioral experiment,4349631,,5763.0,26975
16.0,,healthy,11.0,5.0,35.0,20-59,,,32.0,functional brain imaging experiment,4349631,,5763.0,26975
29.0,healthy,participants,16.0,13.0,23.6,2133,,,,,7989009,,43048.0,47082
13.0,,healthy,7.0,6.0,,20-40,20.0,40.0,30.0,,7430162,3.0,44450.0,54986
41.0,ulcerative colitis,patients,25.0,16.0,37.1,20-54,20.0,54.0,,,6457314,,5613.0,15497
42.0,,healthy,25.0,17.0,36.86,22-55,22.0,55.0,,right-handed,6457314,,5613.0,15497
16.0,,healthy,9.0,7.0,35.0,18-35,18.0,35.0,30.0,,3183226,,28022.0,55392
10.0,stroke survivors,patients,5.0,5.0,,,,,,,6585311,3.0,32783.0,45335
9.0,,healthy,5.0,4.0,,,,,,,6585311,3.0,32783.0,45335
24.0,anorexia nervosa,patients,0.0,24.0,28.5,18-45,18.0,45.0,27.0,,4530666,,8966.0,21133
25.0,,healthy,0.0,25.0,30.2,20-50,20.0,50.0,29.0,,4530666,,8966.0,21133
27.0,,healthy,20.0,7.0,27.9,19-45,19.0,45.0,27.0,paid volunteers,7456884,,7752.0,22123
18.0,Chinese smokers,patients,18.0,0.0,25.11,21-33,21.0,33.0,25.0,,3409150,,8385.0,20226
233.0,free of neurological and psychiatric disorders,participants,116.0,117.0,16.1,9.9-26.6,9.9,26.6,,fMRI,5390693,,6438.0,17948
11.0,amnestic mild cognitive impairment/mild Alzheimer's dementia,patients,,,,,,,,aMCI/mAD group,7838677,1.0,24910.0,31791
7.0,amnestic mild cognitive impairment,patients,,,,,,,,aMCI group,7838677,1.0,24910.0,31791
4.0,mild Alzheimer's dementia,patients,,,,,,,,mAD group,7838677,1.0,24910.0,31791
12.0,"normal or corrected-to-normal vision, no prior psychiatric or neurological impairments",adults,6.0,6.0,25.4,20-40,20.0,40.0,25.0,,2151069,,9653.0,20078
27.0,left hemisphere infarcts,patients,16.0,11.0,59.1,41-75,41.0,75.0,60.0,,5903407,,7983.0,19980
24.0,,healthy,6.0,18.0,57.0,46-68,46.0,68.0,57.0,,5903407,,7983.0,19980
27.0,Social anxiety disorder,patients,15.0,12.0,,23-50,23.0,50.0,,unmedicated,4029608,,8770.0,22037
27.0,,healthy,14.0,13.0,,,,,,,4029608,,8770.0,22037
16.0,,healthy,10.0,6.0,30.1,18-40,18.0,40.0,,,4072722,,12442.0,28192
15.0,posttraumatic stress disorder,patients,8.0,7.0,35.0,25-45,25.0,45.0,35.0,,8785646,,15850.0,36556
15.0,,healthy,8.0,7.0,30.0,20-40,20.0,40.0,30.0,,8785646,,15850.0,36556
23.0,,healthy,11.0,12.0,24.2,18-31,18.0,31.0,,,4436102,,11102.0,28474
43.0,major depressive disorder patients,patients,13.0,30.0,,,,,,,7118554,,8471.0,17832
56.0,,healthy,30.0,26.0,,,,,,,7118554,,8471.0,17832
40.0,,healthy,32.0,8.0,20.5,18-28,18.0,28.0,20.0,,3605341,,12059.0,26160
17.0,,healthy,14.0,3.0,,19-25,19.0,25.0,22.0,separate group,3605341,,12059.0,26160
60.0,Attention Deficit Hyperactivity Disorder,patients,30.0,30.0,11.7,10-17,10.0,17.0,12.0,,4190683,,9065.0,20116
30.0,,healthy,30.0,0.0,,,,,,,4190683,,9065.0,20116
24.0,,healthy,12.0,12.0,26.0,23-34,23.0,34.0,26.0,,3502502,,6711.0,31829
61.0,football enthusiasts,football enthusiasts,54.0,2.0,34.4,21-60,21.0,60.0,,,5460049,,6967.0,16028
17.0,Dementia with Lewy bodies,patients,13.0,4.0,71.88,60-82,60.0,82.0,,,6902076,,6917.0,17715
20.0,,healthy,9.0,11.0,67.8,56-77,56.0,77.0,,,6902076,,6917.0,17715
2785.0,,healthy,616.0,569.0,30.1,1853,,,,,5832413,,59945.0,79597
1600.0,,healthy,852.0,748.0,31.7,1858,,,,,5832413,,59945.0,79597
16.0,,healthy,6.0,10.0,23.1,1929,,,,,5832413,,59945.0,79597
40.0,,healthy,24.0,16.0,68.4,58-79,58.0,79.0,68.0,,5717028,,6784.0,20550
18.0,Autism spectrum conditions,patients,18.0,0.0,30.4,18-45,18.0,45.0,30.0,,4265725,,10617.0,22526
18.0,,healthy,18.0,0.0,28.6,20-40,20.0,40.0,28.0,,4265725,,10617.0,22526
34.0,,healthy,12.0,12.0,,2345,23.0,45.0,,,2525845,,5998.0,16377
66.0,Temporal lobe epilepsy patients with unilateral hippocampal sclerosis,patients,35.0,31.0,,,,,,TLEMI,8933317,,8349.0,22009
31.0,,healthy,,,,,,,,HC,8933317,,8349.0,22009
22.0,,healthy,16.0,6.0,16.0,12-20,12.0,20.0,16.0,,3701149,,11779.0,21523
12.0,adolescents with transient auditory hallucinations,patients,5.0,7.0,15.97,12-20,12.0,20.0,15.97,,3701149,,11779.0,21523
13.0,adolescents with a 22q11.2 Deletion Syndrome,patients,9.0,4.0,16.14,12-20,12.0,20.0,16.0,,3701149,,11779.0,21523
20.0,,healthy,10.0,10.0,31.5,30-34,30.0,34.0,31.0,,6726765,,7719.0,25084
10.0,essential tremor,patients,6.0,4.0,69.4,48.9,48.0,89.0,,,7493988,,43154.0,53378
10.0,,healthy,5.0,5.0,67.7,77.8,67.0,78.0,,,7493988,,43154.0,53378
54.0,CUD,regular CUs,,,,18-45,18.0,45.0,,,8459240,,7650.0,16120
54.0,nonCUs,matched nonCUs,,,,18-45,18.0,45.0,,,8459240,,7650.0,16120
34.0,schizophrenia,patients,20.0,14.0,,18-65,18.0,65.0,,,5292583,,6605.0,24979
35.0,,healthy,20.0,15.0,,18-65,18.0,65.0,,,5292583,,6605.0,24979
20.0,,healthy,12.0,8.0,245.6,18-45,18.0,45.0,30.0,,4477935,,7228.0,19930
1.0,pure tone hearing thresholds of 25 dB HL or better for frequencies 250 Hz - 8000 Hz for each ear,participants,,,,18-45,,,,,3407245,,10964.0,19626
28.0,,healthy,15.0,13.0,26.39,13-15,13.0,15.0,26.0,,7481390,,8040.0,20261
58.0,free from self-reported life-time psychiatric or neurological disease and medication,participants,26.0,32.0,24.02,,,,,right-handed,3492343,,6411.0,16093
2.0,left handed,participants,0.0,2.0,,,,,,left-handed,3492343,,6411.0,16093
1.0,abnormal brain anatomy,participants,1.0,0.0,,,,,,abnormal anatomy,3492343,,6411.0,16093
16.0,ASD,patients,16.0,0.0,13.0,8-18,,,,,5279905,,7481.0,14126
16.0,,healthy,16.0,0.0,13.0,8-18,,,,,5279905,,7481.0,14126
58.0,,healthy,30.0,28.0,28.5,18-45,18.0,45.0,29.0,,5413198,1.0,34068.0,55296
58.0,,healthy,30.0,28.0,31.5,20-50,20.0,50.0,32.0,,5413198,1.0,34068.0,55296
11.0,,healthy,5.0,6.0,31.0,25-38,25.0,38.0,31.0,,3132672,,7753.0,16961
8.0,right-sided cerebral palsy,patients,3.0,5.0,21.25,13-30,,,21.0,,6878729,,7912.0,16083
15.0,,healthy,8.0,7.0,26.5,2138,21.0,38.0,26.0,right-handed volunteers,3324921,,9056.0,28693
5.0,epilepsy,patients,2.0,3.0,25.0,,,,,with epilepsy,3324921,,9056.0,28693
43.0,,healthy,10.0,21.0,24.3,20-29,20.0,29.0,,,6847157,,10334.0,22594
42.0,,healthy,,,,,8.0,36.0,,,3842522,,11123.0,22456
48.0,,healthy,,,,,8.0,36.0,,,3842522,,11123.0,22456
21.0,,healthy,12.0,9.0,26.0,,,,,,4458841,,45697.0,61564
22.0,,healthy,7.0,15.0,28.0,,,,,,4458841,,45697.0,61564
17.0,right-handed children,participants,8.0,9.0,7.4,6.9-7.8,6.9,7.8,,children,3780305,,14497.0,24083
35.0,,healthy,19.0,16.0,26.0,20-48,20.0,48.0,,,5447679,,9581.0,23885
57.0,typically developing children without reading disorders,children,31.0,26.0,10.19,3-6,3.0,6.0,10.0,Mandarin speakers,7099000,,8182.0,18529
24.0,,healthy,12.0,12.0,25.3,21-34,21.0,34.0,,"right-handed, native German speakers",7994216,,12556.0,22290
10.0,,healthy,7.0,3.0,27.72,21-35,21.0,35.0,27.0,,4029023,,7975.0,23178
44.0,Parkinson’s disease,patients,,,,,,,,,6389716,,8216.0,20017
43.0,,healthy,,,,,,,,,6389716,,8216.0,20017
5.0,intrinsic tumours within the right cerebral hemisphere,patients,2.0,3.0,33.7,,,,,,6699415,,5975.0,19549
26.0,Functional Dyspepsia-PDS with comorbid Major Depressive Disorder,patients,13.0,13.0,,unknown,,,,,7518235,,6771.0,18065
28.0,Functional Dyspepsia-PDS without comorbid Major Depressive Disorder,patients,14.0,14.0,,unknown,,,,,7518235,,6771.0,18065
30.0,,healthy,15.0,15.0,,unknown,,,,,7518235,,6771.0,18065
25.0,,healthy,14.0,10.0,33.2,20-48,20.0,48.0,,,6412974,,9389.0,18256
18.0,juvenile myoclonic epilepsy patients,patients,3.0,15.0,30.1,20-48,20.0,48.0,,,6412974,,9389.0,18256
19.0,right-handed,patients,7.0,12.0,24.7,19-30,,,,right-handed,2561002,,27803.0,43391
15.0,left-handed,patients,5.0,10.0,26.1,21-35,,,,left-handed,2561002,,27803.0,43391
35.0,DD and TD,children,23.0,12.0,,8-11,8.0,11.0,,8 and 11 years,5758587,,11527.0,31998
20.0,,healthy,14.0,6.0,24.0,20-34,20.0,34.0,24.0,,8764488,,15910.0,34177
20.0,,healthy,9.0,11.0,21.95,18-35,18.0,35.0,,,4810172,,9451.0,22425
31.0,healthy,patients,16.0,15.0,20.0,18-22,18.0,22.0,20.0,,3539852,,17777.0,32354
24.0,none,patients,0.0,24.0,24.0,20-30,20.0,30.0,,Study 1,3965851,,12313.0,27576
18.0,none,patients,0.0,18.0,24.0,20-30,20.0,30.0,,Study 2,3965851,,12313.0,27576
284.0,,healthy,71.0,140.0,25.6,18-40,18.0,40.0,26.0,,4319399,,9266.0,20113
142.0,,healthy,71.0,71.0,26.8,20-35,20.0,35.0,27.0,,4319399,,9266.0,20113
142.0,,healthy,73.0,69.0,24.4,19-32,19.0,32.0,25.0,,4319399,,9266.0,20113
75.0,chronic dieters,patients,0.0,75.0,19.38,18-23,18.0,23.0,,,5460048,,11781.0,19444
14.0,normal hearing,listeners,7.0,7.0,,22-48,22.0,48.0,35.0,,3788350,,9587.0,23321
20.0,fibromyalgia,patients,0.0,20.0,46.4,22-70,22.0,70.0,,FM,6820536,,5393.0,21203
20.0,,healthy,,,42.1,21-70,21.0,70.0,,HC,6820536,,5393.0,21203
223.0,mood and/or anxiety disorder,MA,61.0,162.0,36.0,,,,,,7082218,,14245.0,26774
45.0,healthy control,HC,22.0,23.0,32.0,,,,,,7082218,,14245.0,26774
23.0,refractory epilepsy of the temporal lobe,patients,8.0,15.0,,,,,,LMTLE,4017227,,7012.0,17348
19.0,,healthy,10.0,9.0,,,,,,,4017227,,7012.0,17348
21.0,posttraumatic stress disorder,patients,,,,,,,,childhood sexual and/or physical abuse,5030332,,7905.0,20301
20.0,,healthy,9.0,11.0,26.0,21-31,21.0,31.0,26.0,,8837589,,7291.0,18554
30.0,hemifacial spasm,patients,12.0,18.0,48.87,38-59,38.0,59.0,48.0,left-side HFS,8569140,,6781.0,14913
30.0,,healthy,12.0,18.0,47.63,34-61,34.0,61.0,47.0,,8569140,,6781.0,14913
90.0,,healthy,,,,,,,,CON,7416060,,8377.0,34514
54.0,chronic cannabis users,patients,,,,,,,,CAN,7416060,,8377.0,34514
1.0,,healthy,,,,,,,,,8893203,2.0,27649.0,42305
5.0,,healthy,3.0,2.0,27.0,,,,,,5857897,,6603.0,15566
17.0,,healthy,17.0,0.0,23.8,20-30,20.0,30.0,23.0,,3866656,,9829.0,25906
160.0,schizophrenia,patients,115.0,45.0,38.77,18-62,18.0,62.0,,,7721229,,10065.0,22917
314.0,autism spectrum disorder,patients,224.0,31.0,17.05,7.00-55.40,7.0,55.0,,,7721229,,10065.0,22917
160.0,,healthy,115.0,45.0,37.04,19-59,19.0,59.0,,HCs,7721229,,10065.0,22917
314.0,,healthy,249.0,65.0,17.04,6.47-56.20,6.0,56.0,,HCs,7721229,,10065.0,22917
2.0,excluded,participants,1.0,1.0,,,,,,excluded,5902547,2.0,23750.0,30420
32.0,chronic left-hemisphere stroke patients,patients,27.0,5.0,62.0,49-75,49.0,75.0,61.0,,4473263,,8398.0,19333
18.0,,healthy,8.0,10.0,63.0,49-75,49.0,75.0,64.0,,4473263,,8398.0,19333
35.0,subjective cognitive decline,patients,,,,,,,,community,7090024,,2474.0,26050
32.0,,healthy,,,,,,,,,7090024,,2474.0,26050
55.0,autism spectrum disorder,patients,20.0,8.0,14.58,14.58-14.58,14.0,15.0,14.0,adolescents,8213933,,13173.0,21786
27.0,,healthy,18.0,9.0,14.49,14.49-14.49,14.0,15.0,14.0,adolescents,8213933,,13173.0,21786
76.0,Caucasian,participants,60.0,16.0,49.9,40-60,40.0,60.0,,,9205431,,45406.0,63870
38.0,,healthy,16.0,22.0,,,,,,APOE-4 carriers,9205431,,45406.0,63870
38.0,,healthy,,,,,,,,noncarriers,9205431,,45406.0,63870
20.0,,healthy,16.0,4.0,26.0,20-36,20.0,36.0,28.0,,4717328,,6158.0,18695
24.0,,healthy,9.0,15.0,,,,,,,6016936,,11128.0,25857
23.0,righthanded adult unilateral Mesial temporal lobe epilepsy patients,patients,,,,,,,,LMTLE,8933759,,7220.0,14113
23.0,,healthy,,,,,,,,,8933759,,7220.0,14113
23.0,,healthy,15.0,8.0,31.1,19-44,19.0,44.0,31.0,,5761874,,7481.0,31843
25.0,temporal lobe epilepsy,patients,13.0,12.0,33.6,20-45,20.0,45.0,33.0,,5761874,,7481.0,31843
34.0,,healthy,,,,,,,,,7156375,1.0,6895.0,25967
18.0,neovascular age-related macular degeneration,patients,9.0,9.0,,55-,55.0,,,,8544331,,2458.0,21485
18.0,,healthy,9.0,9.0,,,,,,,8544331,,2458.0,21485
20.0,depression,patients,10.0,10.0,35.0,25-45,25.0,45.0,35.0,,3483694,3.0,2076.0,7909
16.0,,healthy,8.0,8.0,25.6,22-30,22.0,30.0,25.0,,3889700,,15576.0,42524
25.0,normal or corrected-to-normal vision,female,0.0,25.0,21.04,21.04  1.59,21.0,23.0,21.0,,4975394,,,26999
36.0,normal or corrected-to-normal vision,participants,19.0,17.0,26.45,21-41,21.0,41.0,26.0,,3869681,,10466.0,30021
18.0,semantic categorization,Experiment 1,10.0,8.0,26.3,21-41,21.0,41.0,26.0,semantic categorization,3869681,,10466.0,30021
18.0,silently thinking about a word's meaning,Experiment 2,9.0,9.0,26.6,21-38,21.0,38.0,26.0,silently thinking about a word's meaning,3869681,,10466.0,30021
112.0,,healthy,,,,22-35,22.0,35.0,,MEG datasets,8752963,,5395.0,17823
7.0,,healthy,2.0,5.0,31.29,29-35,29.0,35.0,,,7758977,,2165.0,27583
6.0,,healthy,1.0,5.0,29.19,29-29,29.0,29.0,,,7758977,,2165.0,27583
147.0,Major depressive disorder,patients,50.0,97.0,,18-45,18.0,45.0,,,5598991,,2445.0,31167
130.0,,healthy,49.0,81.0,,,,,,,5598991,,2445.0,31167
104.0,White matter hyperintensities,patients,,,,,40.0,80.0,,mild,8315277,,2178.0,30865
37.0,,healthy,,,,,,,,,8315277,,2178.0,30865
5.0,none,participants,3.0,2.0,35.0,25-45,25.0,45.0,35.0,,4352055,3.0,,16298
21.0,bipolar disorderD,patients,10.0,11.0,32.5,16-48,16.0,48.0,30.0,,6246657,,2468.0,25354
40.0,major depressive disorder,patients,20.0,20.0,35.5,16-48,16.0,48.0,34.0,,6246657,,2468.0,25354
70.0,,healthy,35.0,35.0,32.0,16-48,16.0,48.0,31.0,,6246657,,2468.0,25354
31.0,vascular mild cognitive impairment,patients,,,,0-0,,,,,6350268,,2321.0,24735
32.0,,healthy,,,,0-0,,,,,6350268,,2321.0,24735
19.0,major depressive disorder,patients,10.0,9.0,36.5,18-55,18.0,55.0,35.0,,7875881,,2056.0,24611
17.0,,healthy,8.0,9.0,36.0,18-55,18.0,55.0,35.0,,7875881,,2056.0,24611
18.0,naive,subjects,18.0,0.0,,,,,,naive,2995581,,24448.0,42377
6.0,normal hearing levels,young adults,5.0,1.0,28.33,22-35,22.0,35.0,28.0,,3894920,,2326.0,29539
30.0,"first-episode, drug-nave major depressive disorder",patients,9.0,21.0,26.76,18-45,18.0,45.0,,,4869560,,2409.0,25553
29.0,,healthy,15.0,14.0,26.76,,,,,,4869560,,2409.0,25553
1112.0,autism spectrum disorder patients,patients,539.0,573.0,,8-64,8.0,64.0,,,9407088,,29835.0,37514
1114.0,,healthy,521.0,593.0,23.4,,,,,,9407088,,29835.0,37514
100.0,resting state fMRI,patients,50.0,50.0,35.0,20-60,20.0,60.0,35.0,,6492297,,2027.0,5319
12.0,,healthy,12.0,0.0,31.0,18-55,18.0,55.0,,,3258233,,,24439
21.0,Parkinson's disease,patients,13.0,8.0,60.8,44-73,44.0,73.0,,,3182403,,,26805
25.0,unhappy,patients,13.0,12.0,22.5,18-30,18.0,30.0,23.0,,3893192,,,25372
25.0,,healthy,12.0,13.0,23.5,19-31,19.0,31.0,24.0,,3893192,,,25372
53.0,mild traumatic brain injury,patients,25.0,28.0,39.0,20-58,,,,,7539836,,2128.0,29560
43.0,,healthy,19.0,24.0,39.0,20-59,,,,,7539836,,2128.0,29560
102.0,resting-state functional magnetic resonance imaging data set,patients,36.0,66.0,21.5,20-23,20.0,23.0,,,3775427,,5581.0,15669
20.0,persistent mal de debarquement syndrome,patients,5.0,15.0,43.4,27-66,27.0,66.0,,,3510214,,2266.0,31419
20.0,,healthy,,,43.0,23-59,23.0,59.0,,,3510214,,2266.0,31419
31.0,healthy,control,17.0,14.0,21.5,,,,,,5339238,,2807.0,31582
31.0,patients,FIDA,17.0,14.0,21.5,,,,,,5339238,,2807.0,31582
12.0,,healthy,5.0,7.0,25.8,22-32,22.0,32.0,26.0,,7649291,,2502.0,29360
167.0,ADHD,patients,111.0,56.0,10.74,5-18,5.0,18.0,,,8782893,,,27082
24.0,MSA,patients,15.0,9.0,60.0,45-75,45.0,75.0,58.0,,7485713,,,6819
20.0,,healthy,12.0,8.0,58.0,40-70,40.0,70.0,60.0,,7485713,,,6819
50.0,Idiopathic Parkinson’s disease patients,patients,29.0,21.0,57.7,57.7-11.1,46.0,69.0,58.0,,6675526,,2116.0,17794
20.0,,healthy,11.0,9.0,54.6,54.6-12.3,42.0,67.0,55.0,,6675526,,2116.0,17794
164.0,incarcerated,patients,0.0,164.0,34.0,18-50,18.0,50.0,35.0,,4174863,,2197.0,31756
46.0,,healthy,0.0,46.0,34.0,18-50,18.0,50.0,35.0,,4174863,,2197.0,31756
63.0,,healthy,,,24.35,18-35,18.0,35.0,24.0,,5068584,,2022.0,30784
100.0,schizophrenia,patients,50.0,50.0,25.0,18-35,18.0,35.0,26.0,AVH,9435010,,3139.0,31882
50.0,,healthy,25.0,25.0,26.0,20-40,20.0,40.0,27.0,,9435010,,3139.0,31882
53.0,mild traumatic brain injury,patients,37.0,16.0,32.95,18-65,18.0,65.0,30.0,,7275020,,2510.0,24695
37.0,,healthy,25.0,12.0,,,,,,,7275020,,2510.0,24695
29.0,healthy,patients,15.0,14.0,35.0,20-50,20.0,50.0,35.0,,7563756,,,27006
23.0,community-dwelling young men,community-dwelling cases,23.0,0.0,29.9,29.9,29.0,30.0,30.0,,9548384,,2152.0,18402
28.0,,healthy,19.0,9.0,24.39,18-34,,,,younger adults,7004957,,,28950
24.0,,healthy,15.0,9.0,66.95,55-75,,,,older adults,7004957,,,28950
24.0,binge drinkers,patients,12.0,12.0,23.8,19-32,19.0,32.0,23.0,,3791281,,,26715
33.0,,healthy,17.0,16.0,25.3,25-28,25.0,28.0,25.0,,3676955,,,13399
6.0,PCH,patients,3.0,3.0,7.33,,4.0,8.0,5.0,,9461104,,,23477
